# Blender 5.1.1
# www.blender.org
o Cube
v 0.250000 -0.143934 -0.143934
v 0.143934 -0.250000 -0.143934
v 0.143934 -0.143934 -0.250000
v 0.249920 -0.155696 -0.143934
v 0.249436 -0.167497 -0.143934
v 0.248230 -0.179254 -0.143934
v 0.246009 -0.190839 -0.143934
v 0.242483 -0.202104 -0.143934
v 0.237396 -0.212789 -0.143934
v 0.230646 -0.222472 -0.143934
v 0.249922 -0.143934 -0.155567
v 0.249833 -0.155903 -0.155805
v 0.249317 -0.167988 -0.155930
v 0.248032 -0.180006 -0.156003
v 0.245710 -0.191659 -0.156025
v 0.242097 -0.202836 -0.156006
v 0.237024 -0.213243 -0.155967
v 0.230469 -0.222537 -0.155940
v 0.249446 -0.143934 -0.167343
v 0.249325 -0.156047 -0.167836
v 0.248758 -0.168375 -0.168177
v 0.247389 -0.180582 -0.168362
v 0.244968 -0.192275 -0.168398
v 0.241292 -0.203304 -0.168318
v 0.236267 -0.213396 -0.168186
v 0.229923 -0.222297 -0.168088
v 0.248251 -0.143934 -0.179113
v 0.248050 -0.156117 -0.179869
v 0.247401 -0.168577 -0.180398
v 0.245944 -0.180869 -0.180646
v 0.243452 -0.192503 -0.180617
v 0.239777 -0.203292 -0.180374
v 0.234871 -0.213021 -0.180055
v 0.228777 -0.221521 -0.179826
v 0.246035 -0.143934 -0.190736
v 0.245708 -0.156123 -0.191659
v 0.244955 -0.168599 -0.192266
v 0.243430 -0.180845 -0.192446
v 0.240936 -0.192298 -0.192211
v 0.237371 -0.202750 -0.191670
v 0.232698 -0.212057 -0.191058
v 0.226944 -0.220121 -0.190637
v 0.242536 -0.143934 -0.201966
v 0.242073 -0.156083 -0.202890
v 0.241245 -0.168474 -0.203387
v 0.239727 -0.180562 -0.203331
v 0.237351 -0.191745 -0.202745
v 0.234042 -0.201801 -0.201789
v 0.229758 -0.210634 -0.200784
v 0.224490 -0.218191 -0.200099
v 0.237479 -0.143934 -0.212645
v 0.236988 -0.156010 -0.213303
v 0.236199 -0.168275 -0.213496
v 0.234809 -0.180177 -0.213085
v 0.232672 -0.191096 -0.212079
v 0.229753 -0.200782 -0.210643
v 0.226060 -0.209100 -0.209111
v 0.221557 -0.216007 -0.208006
v 0.230789 -0.143934 -0.222301
v 0.230477 -0.155935 -0.222528
v 0.229894 -0.168101 -0.222328
v 0.228761 -0.179876 -0.221528
v 0.226964 -0.190631 -0.220100
v 0.224526 -0.200078 -0.218162
v 0.221591 -0.207991 -0.215981
v 0.218347 -0.214130 -0.214104
v 0.143934 -0.249920 -0.155696
v 0.143934 -0.249436 -0.167497
v 0.143934 -0.248231 -0.179254
v 0.143934 -0.246009 -0.190839
v 0.143934 -0.242483 -0.202104
v 0.143934 -0.237397 -0.212789
v 0.143934 -0.230646 -0.222472
v 0.155567 -0.249922 -0.143934
v 0.155805 -0.249833 -0.155903
v 0.155930 -0.249317 -0.167988
v 0.156003 -0.248032 -0.180006
v 0.156025 -0.245711 -0.191658
v 0.156006 -0.242097 -0.202836
v 0.155967 -0.237024 -0.213243
v 0.155940 -0.230469 -0.222537
v 0.167343 -0.249447 -0.143934
v 0.167836 -0.249325 -0.156047
v 0.168177 -0.248758 -0.168374
v 0.168362 -0.247389 -0.180582
v 0.168398 -0.244968 -0.192275
v 0.168318 -0.241292 -0.203304
v 0.168186 -0.236267 -0.213396
v 0.168088 -0.229923 -0.222297
v 0.179113 -0.248251 -0.143934
v 0.179869 -0.248050 -0.156116
v 0.180398 -0.247401 -0.168577
v 0.180646 -0.245944 -0.180869
v 0.180617 -0.243452 -0.192502
v 0.180374 -0.239778 -0.203291
v 0.180055 -0.234871 -0.213021
v 0.179826 -0.228777 -0.221521
v 0.190736 -0.246035 -0.143934
v 0.191659 -0.245708 -0.156123
v 0.192266 -0.244955 -0.168599
v 0.192446 -0.243430 -0.180845
v 0.192211 -0.240936 -0.192298
v 0.191670 -0.237371 -0.202750
v 0.191058 -0.232699 -0.212057
v 0.190637 -0.226944 -0.220121
v 0.201966 -0.242537 -0.143934
v 0.202890 -0.242074 -0.156083
v 0.203387 -0.241245 -0.168474
v 0.203331 -0.239728 -0.180562
v 0.202745 -0.237351 -0.191745
v 0.201789 -0.234042 -0.201801
v 0.200784 -0.229758 -0.210634
v 0.200099 -0.224490 -0.218190
v 0.212645 -0.237479 -0.143934
v 0.213303 -0.236988 -0.156010
v 0.213496 -0.236199 -0.168275
v 0.213085 -0.234809 -0.180177
v 0.212079 -0.232672 -0.191096
v 0.210643 -0.229753 -0.200782
v 0.209111 -0.226060 -0.209100
v 0.208006 -0.221557 -0.216007
v 0.222301 -0.230789 -0.143934
v 0.222528 -0.230477 -0.155935
v 0.222328 -0.229895 -0.168101
v 0.221528 -0.228761 -0.179876
v 0.220100 -0.226964 -0.190631
v 0.218162 -0.224527 -0.200078
v 0.215980 -0.221591 -0.207991
v 0.214104 -0.218347 -0.214130
v 0.155696 -0.143934 -0.249920
v 0.167497 -0.143934 -0.249436
v 0.179254 -0.143934 -0.248231
v 0.190839 -0.143934 -0.246009
v 0.202104 -0.143934 -0.242483
v 0.212789 -0.143934 -0.237396
v 0.222472 -0.143934 -0.230646
v 0.143934 -0.155567 -0.249922
v 0.155903 -0.155805 -0.249833
v 0.167988 -0.155930 -0.249317
v 0.180006 -0.156003 -0.248032
v 0.191658 -0.156025 -0.245710
v 0.202836 -0.156006 -0.242097
v 0.213243 -0.155967 -0.237024
v 0.222537 -0.155940 -0.230469
v 0.143934 -0.167343 -0.249446
v 0.156047 -0.167837 -0.249325
v 0.168374 -0.168177 -0.248758
v 0.180582 -0.168362 -0.247389
v 0.192275 -0.168398 -0.244968
v 0.203304 -0.168318 -0.241292
v 0.213396 -0.168186 -0.236267
v 0.222297 -0.168088 -0.229923
v 0.143934 -0.179113 -0.248251
v 0.156116 -0.179869 -0.248050
v 0.168577 -0.180398 -0.247401
v 0.180869 -0.180646 -0.245944
v 0.192502 -0.180617 -0.243452
v 0.203291 -0.180374 -0.239777
v 0.213021 -0.180055 -0.234871
v 0.221521 -0.179826 -0.228777
v 0.143934 -0.190736 -0.246035
v 0.156123 -0.191659 -0.245708
v 0.168599 -0.192266 -0.244955
v 0.180845 -0.192447 -0.243430
v 0.192298 -0.192211 -0.240936
v 0.202749 -0.191670 -0.237371
v 0.212057 -0.191058 -0.232698
v 0.220121 -0.190637 -0.226944
v 0.143934 -0.201966 -0.242536
v 0.156083 -0.202890 -0.242073
v 0.168474 -0.203387 -0.241245
v 0.180562 -0.203332 -0.239727
v 0.191745 -0.202746 -0.237351
v 0.201801 -0.201790 -0.234042
v 0.210634 -0.200784 -0.229758
v 0.218190 -0.200100 -0.224490
v 0.143934 -0.212645 -0.237479
v 0.156010 -0.213303 -0.236988
v 0.168275 -0.213496 -0.236199
v 0.180177 -0.213085 -0.234809
v 0.191096 -0.212079 -0.232672
v 0.200782 -0.210643 -0.229753
v 0.209100 -0.209111 -0.226060
v 0.216007 -0.208007 -0.221557
v 0.143934 -0.222301 -0.230789
v 0.155935 -0.222529 -0.230477
v 0.168101 -0.222329 -0.229894
v 0.179875 -0.221528 -0.228761
v 0.190631 -0.220100 -0.226964
v 0.200078 -0.218162 -0.224526
v 0.207991 -0.215981 -0.221591
v 0.214130 -0.214104 -0.218347
v 0.250000 -0.143934 0.143934
v 0.143934 -0.143934 0.250000
v 0.143934 -0.250000 0.143934
v 0.249920 -0.143934 0.155696
v 0.249436 -0.143934 0.167497
v 0.248230 -0.143934 0.179254
v 0.246009 -0.143934 0.190839
v 0.242483 -0.143934 0.202104
v 0.237396 -0.143934 0.212789
v 0.230646 -0.143934 0.222472
v 0.249922 -0.155567 0.143934
v 0.249833 -0.155805 0.155903
v 0.249317 -0.155930 0.167988
v 0.248032 -0.156003 0.180006
v 0.245710 -0.156025 0.191659
v 0.242097 -0.156006 0.202836
v 0.237024 -0.155967 0.213243
v 0.230469 -0.155940 0.222537
v 0.249446 -0.167343 0.143934
v 0.249325 -0.167837 0.156047
v 0.248757 -0.168177 0.168375
v 0.247389 -0.168362 0.180582
v 0.244968 -0.168398 0.192275
v 0.241292 -0.168318 0.203304
v 0.236267 -0.168186 0.213396
v 0.229923 -0.168088 0.222297
v 0.248250 -0.179113 0.143934
v 0.248050 -0.179869 0.156117
v 0.247401 -0.180398 0.168577
v 0.245944 -0.180646 0.180869
v 0.243452 -0.180617 0.192503
v 0.239777 -0.180374 0.203291
v 0.234871 -0.180055 0.213021
v 0.228777 -0.179826 0.221521
v 0.246035 -0.190736 0.143934
v 0.245708 -0.191659 0.156123
v 0.244955 -0.192266 0.168599
v 0.243429 -0.192447 0.180845
v 0.240936 -0.192211 0.192298
v 0.237371 -0.191670 0.202750
v 0.232698 -0.191058 0.212057
v 0.226944 -0.190637 0.220121
v 0.242536 -0.201966 0.143934
v 0.242073 -0.202890 0.156083
v 0.241245 -0.203387 0.168474
v 0.239727 -0.203332 0.180562
v 0.237350 -0.202746 0.191745
v 0.234042 -0.201790 0.201801
v 0.229758 -0.200784 0.210634
v 0.224490 -0.200100 0.218191
v 0.237479 -0.212645 0.143934
v 0.236988 -0.213303 0.156010
v 0.236199 -0.213496 0.168275
v 0.234809 -0.213085 0.180177
v 0.232672 -0.212079 0.191096
v 0.229753 -0.210643 0.200782
v 0.226060 -0.209111 0.209100
v 0.221557 -0.208007 0.216007
v 0.230788 -0.222301 0.143934
v 0.230476 -0.222529 0.155935
v 0.229894 -0.222329 0.168101
v 0.228761 -0.221528 0.179876
v 0.226964 -0.220100 0.190631
v 0.224526 -0.218162 0.200078
v 0.221591 -0.215981 0.207991
v 0.218347 -0.214104 0.214130
v 0.143934 -0.155696 0.249920
v 0.143934 -0.167497 0.249436
v 0.143934 -0.179254 0.248231
v 0.143934 -0.190839 0.246009
v 0.143934 -0.202104 0.242483
v 0.143934 -0.212789 0.237397
v 0.143934 -0.222472 0.230646
v 0.155567 -0.143934 0.249922
v 0.155805 -0.155903 0.249833
v 0.155930 -0.167988 0.249317
v 0.156003 -0.180006 0.248032
v 0.156025 -0.191659 0.245710
v 0.156006 -0.202836 0.242097
v 0.155967 -0.213243 0.237024
v 0.155940 -0.222537 0.230469
v 0.167343 -0.143934 0.249446
v 0.167836 -0.156047 0.249325
v 0.168177 -0.168375 0.248758
v 0.168362 -0.180582 0.247389
v 0.168398 -0.192275 0.244968
v 0.168318 -0.203304 0.241292
v 0.168186 -0.213396 0.236267
v 0.168088 -0.222297 0.229923
v 0.179113 -0.143934 0.248251
v 0.179869 -0.156117 0.248050
v 0.180398 -0.168577 0.247401
v 0.180646 -0.180869 0.245944
v 0.180617 -0.192503 0.243452
v 0.180374 -0.203291 0.239778
v 0.180055 -0.213021 0.234871
v 0.179826 -0.221521 0.228777
v 0.190736 -0.143934 0.246035
v 0.191659 -0.156123 0.245708
v 0.192265 -0.168599 0.244955
v 0.192446 -0.180845 0.243430
v 0.192211 -0.192298 0.240936
v 0.191670 -0.202750 0.237371
v 0.191058 -0.212057 0.232699
v 0.190637 -0.220121 0.226944
v 0.201966 -0.143934 0.242536
v 0.202890 -0.156083 0.242073
v 0.203387 -0.168474 0.241245
v 0.203331 -0.180562 0.239727
v 0.202745 -0.191745 0.237351
v 0.201789 -0.201801 0.234042
v 0.200784 -0.210634 0.229758
v 0.200099 -0.218191 0.224490
v 0.212645 -0.143934 0.237479
v 0.213303 -0.156010 0.236988
v 0.213496 -0.168275 0.236199
v 0.213085 -0.180177 0.234809
v 0.212079 -0.191096 0.232672
v 0.210643 -0.200782 0.229753
v 0.209111 -0.209100 0.226060
v 0.208006 -0.216007 0.221557
v 0.222301 -0.143934 0.230789
v 0.222528 -0.155935 0.230477
v 0.222328 -0.168101 0.229895
v 0.221528 -0.179876 0.228761
v 0.220100 -0.190631 0.226964
v 0.218161 -0.200078 0.224527
v 0.215980 -0.207991 0.221591
v 0.214104 -0.214130 0.218347
v 0.155696 -0.249920 0.143934
v 0.167497 -0.249436 0.143934
v 0.179254 -0.248231 0.143934
v 0.190839 -0.246009 0.143934
v 0.202104 -0.242483 0.143934
v 0.212789 -0.237397 0.143934
v 0.222472 -0.230646 0.143934
v 0.143934 -0.249922 0.155567
v 0.155903 -0.249833 0.155805
v 0.167988 -0.249317 0.155930
v 0.180006 -0.248032 0.156003
v 0.191658 -0.245711 0.156025
v 0.202836 -0.242097 0.156006
v 0.213243 -0.237024 0.155967
v 0.222537 -0.230469 0.155940
v 0.143934 -0.249447 0.167343
v 0.156047 -0.249325 0.167836
v 0.168374 -0.248758 0.168177
v 0.180582 -0.247389 0.168362
v 0.192275 -0.244968 0.168398
v 0.203304 -0.241292 0.168318
v 0.213396 -0.236267 0.168186
v 0.222296 -0.229923 0.168088
v 0.143934 -0.248251 0.179113
v 0.156116 -0.248050 0.179869
v 0.168577 -0.247401 0.180398
v 0.180869 -0.245944 0.180646
v 0.192502 -0.243452 0.180617
v 0.203291 -0.239778 0.180374
v 0.213021 -0.234871 0.180055
v 0.221521 -0.228777 0.179826
v 0.143934 -0.246035 0.190736
v 0.156123 -0.245708 0.191659
v 0.168599 -0.244955 0.192266
v 0.180845 -0.243430 0.192446
v 0.192298 -0.240936 0.192211
v 0.202749 -0.237371 0.191670
v 0.212057 -0.232699 0.191058
v 0.220121 -0.226944 0.190637
v 0.143934 -0.242537 0.201966
v 0.156083 -0.242073 0.202890
v 0.168474 -0.241245 0.203387
v 0.180562 -0.239728 0.203331
v 0.191745 -0.237351 0.202746
v 0.201801 -0.234042 0.201790
v 0.210634 -0.229758 0.200784
v 0.218190 -0.224490 0.200099
v 0.143934 -0.237479 0.212645
v 0.156010 -0.236988 0.213303
v 0.168275 -0.236199 0.213496
v 0.180177 -0.234809 0.213085
v 0.191096 -0.232672 0.212079
v 0.200782 -0.229753 0.210643
v 0.209100 -0.226060 0.209111
v 0.216007 -0.221557 0.208007
v 0.143934 -0.230789 0.222301
v 0.155935 -0.230477 0.222528
v 0.168101 -0.229895 0.222328
v 0.179875 -0.228761 0.221528
v 0.190631 -0.226964 0.220100
v 0.200078 -0.224527 0.218162
v 0.207991 -0.221591 0.215981
v 0.214130 -0.218347 0.214104
v -0.143934 -0.143934 0.250000
v -0.250000 -0.143934 0.143934
v -0.143934 -0.250000 0.143934
v -0.155696 -0.143934 0.249920
v -0.167497 -0.143934 0.249436
v -0.179254 -0.143934 0.248231
v -0.190839 -0.143934 0.246009
v -0.202104 -0.143934 0.242483
v -0.212789 -0.143934 0.237397
v -0.222472 -0.143934 0.230646
v -0.143934 -0.155567 0.249922
v -0.155903 -0.155805 0.249833
v -0.167988 -0.155930 0.249317
v -0.180006 -0.156003 0.248032
v -0.191659 -0.156025 0.245710
v -0.202836 -0.156006 0.242097
v -0.213243 -0.155967 0.237024
v -0.222537 -0.155940 0.230469
v -0.143934 -0.167343 0.249446
v -0.156047 -0.167837 0.249325
v -0.168375 -0.168177 0.248758
v -0.180583 -0.168362 0.247389
v -0.192275 -0.168398 0.244968
v -0.203304 -0.168318 0.241292
v -0.213396 -0.168186 0.236267
v -0.222297 -0.168088 0.229923
v -0.143934 -0.179113 0.248251
v -0.156117 -0.179869 0.248050
v -0.168577 -0.180398 0.247401
v -0.180869 -0.180646 0.245944
v -0.192503 -0.180617 0.243452
v -0.203292 -0.180374 0.239778
v -0.213021 -0.180055 0.234871
v -0.221521 -0.179826 0.228777
v -0.143934 -0.190736 0.246035
v -0.156123 -0.191659 0.245708
v -0.168599 -0.192266 0.244955
v -0.180845 -0.192447 0.243430
v -0.192298 -0.192211 0.240936
v -0.202750 -0.191670 0.237371
v -0.212057 -0.191058 0.232699
v -0.220121 -0.190637 0.226944
v -0.143934 -0.201966 0.242536
v -0.156083 -0.202890 0.242073
v -0.168474 -0.203387 0.241245
v -0.180562 -0.203332 0.239727
v -0.191745 -0.202746 0.237351
v -0.201801 -0.201790 0.234042
v -0.210634 -0.200784 0.229758
v -0.218191 -0.200100 0.224490
v -0.143934 -0.212645 0.237479
v -0.156010 -0.213303 0.236988
v -0.168275 -0.213496 0.236199
v -0.180177 -0.213085 0.234809
v -0.191096 -0.212079 0.232672
v -0.200782 -0.210643 0.229753
v -0.209100 -0.209111 0.226060
v -0.216007 -0.208007 0.221557
v -0.143934 -0.222301 0.230789
v -0.155935 -0.222529 0.230477
v -0.168101 -0.222329 0.229895
v -0.179876 -0.221528 0.228761
v -0.190631 -0.220100 0.226964
v -0.200078 -0.218162 0.224527
v -0.207991 -0.215981 0.221591
v -0.214130 -0.214104 0.218347
v -0.249920 -0.155696 0.143934
v -0.249436 -0.167497 0.143934
v -0.248231 -0.179254 0.143934
v -0.246009 -0.190839 0.143934
v -0.242483 -0.202104 0.143934
v -0.237397 -0.212789 0.143934
v -0.230646 -0.222472 0.143934
v -0.249922 -0.143934 0.155567
v -0.249833 -0.155903 0.155805
v -0.249317 -0.167988 0.155930
v -0.248032 -0.180006 0.156003
v -0.245711 -0.191659 0.156025
v -0.242097 -0.202836 0.156006
v -0.237024 -0.213243 0.155967
v -0.230469 -0.222537 0.155940
v -0.249447 -0.143934 0.167343
v -0.249325 -0.156047 0.167836
v -0.248758 -0.168375 0.168177
v -0.247389 -0.180582 0.168362
v -0.244968 -0.192275 0.168398
v -0.241292 -0.203304 0.168318
v -0.236267 -0.213396 0.168186
v -0.229923 -0.222297 0.168088
v -0.248251 -0.143934 0.179113
v -0.248050 -0.156117 0.179869
v -0.247401 -0.168577 0.180398
v -0.245944 -0.180869 0.180646
v -0.243452 -0.192503 0.180617
v -0.239778 -0.203291 0.180374
v -0.234871 -0.213021 0.180055
v -0.228777 -0.221521 0.179826
v -0.246035 -0.143934 0.190736
v -0.245708 -0.156123 0.191659
v -0.244955 -0.168599 0.192266
v -0.243430 -0.180845 0.192446
v -0.240936 -0.192298 0.192211
v -0.237371 -0.202750 0.191670
v -0.232699 -0.212057 0.191058
v -0.226944 -0.220121 0.190637
v -0.242537 -0.143934 0.201966
v -0.242073 -0.156083 0.202890
v -0.241245 -0.168474 0.203387
v -0.239728 -0.180562 0.203331
v -0.237351 -0.191745 0.202746
v -0.234042 -0.201801 0.201790
v -0.229758 -0.210634 0.200784
v -0.224490 -0.218191 0.200099
v -0.237479 -0.143934 0.212645
v -0.236988 -0.156010 0.213303
v -0.236199 -0.168275 0.213496
v -0.234809 -0.180177 0.213085
v -0.232672 -0.191096 0.212079
v -0.229753 -0.200782 0.210643
v -0.226060 -0.209100 0.209111
v -0.221557 -0.216007 0.208007
v -0.230789 -0.143934 0.222301
v -0.230477 -0.155935 0.222528
v -0.229895 -0.168101 0.222328
v -0.228761 -0.179876 0.221528
v -0.226964 -0.190631 0.220100
v -0.224527 -0.200078 0.218162
v -0.221591 -0.207991 0.215981
v -0.218347 -0.214130 0.214104
v -0.143934 -0.249920 0.155696
v -0.143934 -0.249436 0.167497
v -0.143934 -0.248231 0.179254
v -0.143934 -0.246009 0.190839
v -0.143934 -0.242483 0.202104
v -0.143934 -0.237397 0.212789
v -0.143934 -0.230646 0.222472
v -0.155567 -0.249922 0.143934
v -0.155805 -0.249833 0.155903
v -0.155930 -0.249317 0.167988
v -0.156003 -0.248032 0.180006
v -0.156025 -0.245711 0.191659
v -0.156006 -0.242097 0.202836
v -0.155967 -0.237024 0.213243
v -0.155940 -0.230469 0.222537
v -0.167343 -0.249447 0.143934
v -0.167837 -0.249325 0.156047
v -0.168177 -0.248758 0.168374
v -0.168362 -0.247389 0.180582
v -0.168398 -0.244968 0.192275
v -0.168318 -0.241292 0.203304
v -0.168186 -0.236267 0.213396
v -0.168088 -0.229923 0.222297
v -0.179113 -0.248251 0.143934
v -0.179869 -0.248050 0.156117
v -0.180398 -0.247401 0.168577
v -0.180646 -0.245944 0.180869
v -0.180617 -0.243452 0.192503
v -0.180374 -0.239778 0.203291
v -0.180055 -0.234871 0.213021
v -0.179826 -0.228777 0.221521
v -0.190736 -0.246035 0.143934
v -0.191659 -0.245708 0.156123
v -0.192266 -0.244955 0.168599
v -0.192447 -0.243430 0.180845
v -0.192211 -0.240936 0.192298
v -0.191670 -0.237371 0.202750
v -0.191058 -0.232699 0.212057
v -0.190637 -0.226944 0.220121
v -0.201966 -0.242537 0.143934
v -0.202890 -0.242073 0.156083
v -0.203387 -0.241245 0.168474
v -0.203332 -0.239728 0.180562
v -0.202746 -0.237351 0.191745
v -0.201790 -0.234042 0.201801
v -0.200784 -0.229758 0.210634
v -0.200100 -0.224490 0.218191
v -0.212645 -0.237479 0.143934
v -0.213303 -0.236988 0.156010
v -0.213496 -0.236199 0.168275
v -0.213085 -0.234809 0.180177
v -0.212079 -0.232672 0.191096
v -0.210643 -0.229753 0.200782
v -0.209111 -0.226060 0.209100
v -0.208007 -0.221557 0.216007
v -0.222301 -0.230789 0.143934
v -0.222529 -0.230477 0.155935
v -0.222329 -0.229895 0.168101
v -0.221528 -0.228761 0.179876
v -0.220100 -0.226964 0.190631
v -0.218162 -0.224527 0.200078
v -0.215981 -0.221591 0.207991
v -0.214104 -0.218347 0.214130
v -0.143934 -0.143934 -0.250000
v -0.143934 -0.250000 -0.143934
v -0.250000 -0.143934 -0.143934
v -0.143934 -0.155696 -0.249920
v -0.143934 -0.167497 -0.249436
v -0.143934 -0.179254 -0.248231
v -0.143934 -0.190839 -0.246009
v -0.143934 -0.202104 -0.242483
v -0.143934 -0.212789 -0.237397
v -0.143934 -0.222472 -0.230646
v -0.155567 -0.143934 -0.249922
v -0.155805 -0.155903 -0.249833
v -0.155930 -0.167988 -0.249317
v -0.156003 -0.180006 -0.248032
v -0.156025 -0.191659 -0.245710
v -0.156006 -0.202836 -0.242097
v -0.155967 -0.213243 -0.237024
v -0.155940 -0.222537 -0.230469
v -0.167343 -0.143934 -0.249446
v -0.167836 -0.156047 -0.249325
v -0.168177 -0.168375 -0.248758
v -0.168362 -0.180582 -0.247389
v -0.168398 -0.192275 -0.244968
v -0.168318 -0.203304 -0.241292
v -0.168186 -0.213396 -0.236267
v -0.168088 -0.222297 -0.229923
v -0.179113 -0.143934 -0.248251
v -0.179869 -0.156117 -0.248050
v -0.180398 -0.168577 -0.247401
v -0.180646 -0.180869 -0.245944
v -0.180617 -0.192503 -0.243452
v -0.180374 -0.203291 -0.239778
v -0.180055 -0.213021 -0.234871
v -0.179826 -0.221521 -0.228777
v -0.190736 -0.143934 -0.246035
v -0.191659 -0.156123 -0.245708
v -0.192266 -0.168599 -0.244955
v -0.192446 -0.180845 -0.243430
v -0.192211 -0.192298 -0.240936
v -0.191670 -0.202750 -0.237371
v -0.191058 -0.212057 -0.232698
v -0.190637 -0.220121 -0.226944
v -0.201966 -0.143934 -0.242536
v -0.202890 -0.156083 -0.242073
v -0.203387 -0.168474 -0.241245
v -0.203331 -0.180562 -0.239727
v -0.202745 -0.191745 -0.237351
v -0.201789 -0.201801 -0.234042
v -0.200784 -0.210634 -0.229758
v -0.200099 -0.218191 -0.224490
v -0.212645 -0.143934 -0.237479
v -0.213303 -0.156010 -0.236988
v -0.213496 -0.168275 -0.236199
v -0.213085 -0.180177 -0.234809
v -0.212079 -0.191096 -0.232672
v -0.210643 -0.200782 -0.229753
v -0.209111 -0.209100 -0.226060
v -0.208006 -0.216007 -0.221557
v -0.222301 -0.143934 -0.230789
v -0.222528 -0.155935 -0.230477
v -0.222328 -0.168101 -0.229895
v -0.221528 -0.179876 -0.228761
v -0.220100 -0.190631 -0.226964
v -0.218162 -0.200078 -0.224527
v -0.215981 -0.207991 -0.221591
v -0.214104 -0.214130 -0.218347
v -0.155696 -0.249920 -0.143934
v -0.167497 -0.249436 -0.143934
v -0.179254 -0.248231 -0.143934
v -0.190839 -0.246009 -0.143934
v -0.202104 -0.242483 -0.143934
v -0.212789 -0.237397 -0.143934
v -0.222472 -0.230646 -0.143934
v -0.143934 -0.249922 -0.155567
v -0.155903 -0.249833 -0.155805
v -0.167988 -0.249317 -0.155930
v -0.180006 -0.248032 -0.156003
v -0.191658 -0.245711 -0.156025
v -0.202836 -0.242097 -0.156006
v -0.213243 -0.237024 -0.155967
v -0.222537 -0.230469 -0.155940
v -0.143934 -0.249447 -0.167343
v -0.156047 -0.249325 -0.167836
v -0.168374 -0.248758 -0.168177
v -0.180582 -0.247389 -0.168362
v -0.192275 -0.244968 -0.168398
v -0.203304 -0.241292 -0.168318
v -0.213396 -0.236267 -0.168186
v -0.222297 -0.229923 -0.168088
v -0.143934 -0.248251 -0.179113
v -0.156116 -0.248050 -0.179869
v -0.168577 -0.247401 -0.180398
v -0.180869 -0.245944 -0.180646
v -0.192503 -0.243452 -0.180617
v -0.203291 -0.239778 -0.180374
v -0.213021 -0.234871 -0.180055
v -0.221521 -0.228777 -0.179826
v -0.143934 -0.246035 -0.190736
v -0.156123 -0.245708 -0.191659
v -0.168599 -0.244955 -0.192266
v -0.180845 -0.243430 -0.192446
v -0.192298 -0.240936 -0.192211
v -0.202750 -0.237371 -0.191670
v -0.212057 -0.232699 -0.191058
v -0.220121 -0.226944 -0.190637
v -0.143934 -0.242537 -0.201966
v -0.156083 -0.242073 -0.202890
v -0.168474 -0.241245 -0.203387
v -0.180562 -0.239728 -0.203331
v -0.191745 -0.237351 -0.202746
v -0.201801 -0.234042 -0.201790
v -0.210634 -0.229758 -0.200784
v -0.218190 -0.224490 -0.200099
v -0.143934 -0.237479 -0.212645
v -0.156010 -0.236988 -0.213303
v -0.168275 -0.236199 -0.213496
v -0.180177 -0.234809 -0.213085
v -0.191096 -0.232672 -0.212079
v -0.200782 -0.229753 -0.210643
v -0.209100 -0.226060 -0.209111
v -0.216007 -0.221557 -0.208006
v -0.143934 -0.230789 -0.222301
v -0.155935 -0.230477 -0.222528
v -0.168101 -0.229895 -0.222328
v -0.179876 -0.228761 -0.221528
v -0.190631 -0.226964 -0.220100
v -0.200078 -0.224527 -0.218162
v -0.207991 -0.221591 -0.215981
v -0.214130 -0.218347 -0.214104
v -0.249920 -0.143934 -0.155696
v -0.249436 -0.143934 -0.167497
v -0.248231 -0.143934 -0.179254
v -0.246009 -0.143934 -0.190839
v -0.242483 -0.143934 -0.202104
v -0.237397 -0.143934 -0.212789
v -0.230646 -0.143934 -0.222472
v -0.249922 -0.155567 -0.143934
v -0.249833 -0.155806 -0.155903
v -0.249317 -0.155930 -0.167988
v -0.248032 -0.156003 -0.180006
v -0.245710 -0.156025 -0.191659
v -0.242097 -0.156006 -0.202836
v -0.237024 -0.155967 -0.213243
v -0.230469 -0.155940 -0.222537
v -0.249446 -0.167343 -0.143934
v -0.249325 -0.167837 -0.156047
v -0.248758 -0.168177 -0.168374
v -0.247389 -0.168362 -0.180582
v -0.244968 -0.168398 -0.192275
v -0.241292 -0.168318 -0.203304
v -0.236267 -0.168186 -0.213396
v -0.229923 -0.168088 -0.222297
v -0.248251 -0.179113 -0.143934
v -0.248050 -0.179869 -0.156116
v -0.247401 -0.180398 -0.168577
v -0.245944 -0.180646 -0.180869
v -0.243452 -0.180617 -0.192503
v -0.239778 -0.180374 -0.203291
v -0.234871 -0.180055 -0.213021
v -0.228777 -0.179826 -0.221521
v -0.246035 -0.190736 -0.143934
v -0.245708 -0.191659 -0.156123
v -0.244955 -0.192266 -0.168599
v -0.243430 -0.192447 -0.180845
v -0.240936 -0.192211 -0.192298
v -0.237371 -0.191670 -0.202750
v -0.232698 -0.191058 -0.212057
v -0.226944 -0.190637 -0.220121
v -0.242536 -0.201966 -0.143934
v -0.242073 -0.202890 -0.156083
v -0.241245 -0.203387 -0.168474
v -0.239727 -0.203332 -0.180562
v -0.237351 -0.202746 -0.191745
v -0.234042 -0.201790 -0.201801
v -0.229758 -0.200784 -0.210634
v -0.224490 -0.200100 -0.218190
v -0.237479 -0.212645 -0.143934
v -0.236988 -0.213303 -0.156010
v -0.236199 -0.213496 -0.168275
v -0.234809 -0.213085 -0.180177
v -0.232672 -0.212080 -0.191096
v -0.229753 -0.210643 -0.200782
v -0.226060 -0.209111 -0.209100
v -0.221557 -0.208007 -0.216007
v -0.230789 -0.222301 -0.143934
v -0.230477 -0.222529 -0.155935
v -0.229895 -0.222329 -0.168101
v -0.228761 -0.221528 -0.179876
v -0.226964 -0.220100 -0.190631
v -0.224527 -0.218162 -0.200078
v -0.221591 -0.215981 -0.207991
v -0.218347 -0.214104 -0.214130
v 0.143934 0.143934 -0.250000
v 0.143934 0.250000 -0.143934
v 0.250000 0.143934 -0.143934
v 0.143934 0.155696 -0.249920
v 0.143934 0.167497 -0.249436
v 0.143934 0.179254 -0.248230
v 0.143934 0.190839 -0.246009
v 0.143934 0.202104 -0.242483
v 0.143934 0.212789 -0.237396
v 0.143934 0.222472 -0.230646
v 0.155567 0.143934 -0.249922
v 0.155805 0.155903 -0.249833
v 0.155930 0.167988 -0.249317
v 0.156003 0.180006 -0.248032
v 0.156025 0.191659 -0.245710
v 0.156006 0.202836 -0.242097
v 0.155967 0.213243 -0.237024
v 0.155940 0.222537 -0.230469
v 0.167343 0.143934 -0.249446
v 0.167836 0.156047 -0.249325
v 0.168177 0.168375 -0.248758
v 0.168362 0.180583 -0.247389
v 0.168398 0.192275 -0.244968
v 0.168318 0.203304 -0.241292
v 0.168186 0.213396 -0.236267
v 0.168088 0.222297 -0.229923
v 0.179113 0.143934 -0.248250
v 0.179869 0.156117 -0.248050
v 0.180398 0.168577 -0.247401
v 0.180646 0.180869 -0.245944
v 0.180617 0.192503 -0.243452
v 0.180374 0.203292 -0.239777
v 0.180055 0.213021 -0.234871
v 0.179826 0.221521 -0.228777
v 0.190736 0.143934 -0.246035
v 0.191659 0.156123 -0.245708
v 0.192266 0.168599 -0.244955
v 0.192446 0.180845 -0.243429
v 0.192211 0.192298 -0.240936
v 0.191670 0.202750 -0.237371
v 0.191058 0.212057 -0.232698
v 0.190637 0.220121 -0.226944
v 0.201966 0.143934 -0.242536
v 0.202890 0.156083 -0.242073
v 0.203387 0.168474 -0.241245
v 0.203331 0.180562 -0.239727
v 0.202746 0.191745 -0.237350
v 0.201790 0.201801 -0.234042
v 0.200784 0.210634 -0.229758
v 0.200099 0.218191 -0.224490
v 0.212645 0.143934 -0.237479
v 0.213303 0.156010 -0.236988
v 0.213496 0.168275 -0.236199
v 0.213085 0.180177 -0.234808
v 0.212079 0.191096 -0.232672
v 0.210643 0.200782 -0.229753
v 0.209111 0.209100 -0.226060
v 0.208006 0.216007 -0.221557
v 0.222301 0.143934 -0.230788
v 0.222528 0.155935 -0.230476
v 0.222328 0.168101 -0.229894
v 0.221528 0.179876 -0.228761
v 0.220100 0.190631 -0.226964
v 0.218162 0.200078 -0.224526
v 0.215981 0.207992 -0.221591
v 0.214104 0.214130 -0.218347
v 0.155696 0.249920 -0.143934
v 0.167497 0.249436 -0.143934
v 0.179254 0.248231 -0.143934
v 0.190839 0.246009 -0.143934
v 0.202104 0.242483 -0.143934
v 0.212789 0.237397 -0.143934
v 0.222472 0.230646 -0.143934
v 0.143934 0.249922 -0.155567
v 0.155903 0.249833 -0.155805
v 0.167988 0.249317 -0.155930
v 0.180006 0.248032 -0.156003
v 0.191658 0.245711 -0.156025
v 0.202836 0.242097 -0.156006
v 0.213243 0.237024 -0.155967
v 0.222537 0.230469 -0.155940
v 0.143934 0.249447 -0.167343
v 0.156047 0.249325 -0.167836
v 0.168374 0.248758 -0.168177
v 0.180582 0.247389 -0.168362
v 0.192275 0.244968 -0.168398
v 0.203304 0.241292 -0.168318
v 0.213396 0.236267 -0.168186
v 0.222297 0.229923 -0.168088
v 0.143934 0.248251 -0.179113
v 0.156116 0.248050 -0.179869
v 0.168577 0.247401 -0.180398
v 0.180869 0.245944 -0.180646
v 0.192503 0.243452 -0.180617
v 0.203291 0.239778 -0.180374
v 0.213021 0.234871 -0.180055
v 0.221521 0.228777 -0.179826
v 0.143934 0.246035 -0.190736
v 0.156123 0.245708 -0.191659
v 0.168599 0.244955 -0.192265
v 0.180845 0.243430 -0.192446
v 0.192298 0.240936 -0.192211
v 0.202750 0.237371 -0.191670
v 0.212057 0.232699 -0.191058
v 0.220121 0.226944 -0.190637
v 0.143934 0.242537 -0.201966
v 0.156083 0.242074 -0.202890
v 0.168474 0.241245 -0.203387
v 0.180562 0.239728 -0.203331
v 0.191745 0.237351 -0.202745
v 0.201801 0.234042 -0.201789
v 0.210634 0.229758 -0.200784
v 0.218190 0.224490 -0.200099
v 0.143934 0.237479 -0.212645
v 0.156010 0.236988 -0.213303
v 0.168275 0.236199 -0.213496
v 0.180177 0.234809 -0.213085
v 0.191096 0.232672 -0.212079
v 0.200782 0.229753 -0.210643
v 0.209100 0.226060 -0.209111
v 0.216007 0.221558 -0.208006
v 0.143934 0.230789 -0.222301
v 0.155935 0.230477 -0.222528
v 0.168101 0.229895 -0.222328
v 0.179876 0.228761 -0.221528
v 0.190631 0.226964 -0.220100
v 0.200078 0.224527 -0.218161
v 0.207991 0.221591 -0.215980
v 0.214130 0.218347 -0.214104
v 0.249920 0.143934 -0.155696
v 0.249436 0.143934 -0.167497
v 0.248231 0.143934 -0.179254
v 0.246009 0.143934 -0.190839
v 0.242483 0.143934 -0.202104
v 0.237397 0.143934 -0.212789
v 0.230646 0.143934 -0.222472
v 0.249922 0.155567 -0.143934
v 0.249833 0.155806 -0.155902
v 0.249317 0.155930 -0.167988
v 0.248032 0.156003 -0.180006
v 0.245710 0.156025 -0.191658
v 0.242097 0.156006 -0.202836
v 0.237024 0.155967 -0.213243
v 0.230469 0.155940 -0.222537
v 0.249446 0.167343 -0.143934
v 0.249325 0.167837 -0.156047
v 0.248758 0.168177 -0.168374
v 0.247389 0.168362 -0.180582
v 0.244968 0.168398 -0.192275
v 0.241292 0.168318 -0.203304
v 0.236267 0.168186 -0.213396
v 0.229923 0.168088 -0.222296
v 0.248251 0.179113 -0.143934
v 0.248050 0.179869 -0.156116
v 0.247401 0.180398 -0.168577
v 0.245944 0.180646 -0.180869
v 0.243452 0.180617 -0.192502
v 0.239777 0.180374 -0.203291
v 0.234871 0.180055 -0.213021
v 0.228777 0.179826 -0.221521
v 0.246035 0.190736 -0.143934
v 0.245708 0.191659 -0.156123
v 0.244955 0.192266 -0.168599
v 0.243430 0.192447 -0.180845
v 0.240936 0.192211 -0.192298
v 0.237371 0.191670 -0.202749
v 0.232698 0.191058 -0.212057
v 0.226944 0.190637 -0.220121
v 0.242536 0.201966 -0.143934
v 0.242073 0.202890 -0.156083
v 0.241245 0.203387 -0.168474
v 0.239727 0.203332 -0.180562
v 0.237351 0.202746 -0.191745
v 0.234042 0.201790 -0.201801
v 0.229758 0.200784 -0.210634
v 0.224490 0.200100 -0.218190
v 0.237479 0.212645 -0.143934
v 0.236988 0.213303 -0.156010
v 0.236199 0.213496 -0.168275
v 0.234809 0.213085 -0.180177
v 0.232672 0.212080 -0.191096
v 0.229753 0.210643 -0.200782
v 0.226060 0.209111 -0.209100
v 0.221557 0.208007 -0.216007
v 0.230789 0.222301 -0.143934
v 0.230477 0.222529 -0.155935
v 0.229895 0.222329 -0.168101
v 0.228761 0.221528 -0.179875
v 0.226964 0.220100 -0.190631
v 0.224527 0.218162 -0.200077
v 0.221591 0.215981 -0.207991
v 0.218347 0.214104 -0.214130
v 0.143934 0.143934 0.250000
v 0.250000 0.143934 0.143934
v 0.143934 0.250000 0.143934
v 0.155696 0.143934 0.249920
v 0.167497 0.143934 0.249436
v 0.179254 0.143934 0.248231
v 0.190839 0.143934 0.246009
v 0.202103 0.143934 0.242483
v 0.212789 0.143934 0.237397
v 0.222471 0.143934 0.230646
v 0.143934 0.155567 0.249922
v 0.155902 0.155805 0.249833
v 0.167988 0.155930 0.249317
v 0.180005 0.156003 0.248032
v 0.191658 0.156025 0.245711
v 0.202836 0.156006 0.242097
v 0.213243 0.155967 0.237024
v 0.222537 0.155940 0.230469
v 0.143934 0.167343 0.249447
v 0.156047 0.167837 0.249325
v 0.168374 0.168177 0.248758
v 0.180582 0.168362 0.247389
v 0.192275 0.168398 0.244968
v 0.203304 0.168318 0.241292
v 0.213396 0.168186 0.236267
v 0.222296 0.168088 0.229923
v 0.143934 0.179113 0.248251
v 0.156116 0.179869 0.248050
v 0.168576 0.180398 0.247401
v 0.180869 0.180646 0.245944
v 0.192502 0.180617 0.243452
v 0.203291 0.180374 0.239778
v 0.213021 0.180055 0.234871
v 0.221521 0.179826 0.228777
v 0.143934 0.190736 0.246035
v 0.156123 0.191659 0.245708
v 0.168599 0.192266 0.244955
v 0.180845 0.192447 0.243430
v 0.192298 0.192211 0.240936
v 0.202749 0.191670 0.237371
v 0.212057 0.191058 0.232699
v 0.220121 0.190637 0.226944
v 0.143934 0.201966 0.242537
v 0.156083 0.202890 0.242074
v 0.168474 0.203387 0.241245
v 0.180562 0.203332 0.239728
v 0.191745 0.202746 0.237351
v 0.201801 0.201790 0.234042
v 0.210634 0.200784 0.229758
v 0.218190 0.200100 0.224490
v 0.143934 0.212645 0.237479
v 0.156010 0.213303 0.236988
v 0.168275 0.213496 0.236199
v 0.180177 0.213085 0.234809
v 0.191096 0.212079 0.232672
v 0.200782 0.210643 0.229753
v 0.209100 0.209111 0.226060
v 0.216006 0.208007 0.221558
v 0.143934 0.222301 0.230789
v 0.155935 0.222529 0.230477
v 0.168101 0.222329 0.229895
v 0.179875 0.221528 0.228761
v 0.190631 0.220100 0.226964
v 0.200077 0.218162 0.224527
v 0.207991 0.215981 0.221591
v 0.214130 0.214104 0.218347
v 0.249920 0.155696 0.143934
v 0.249436 0.167497 0.143934
v 0.248230 0.179254 0.143934
v 0.246009 0.190839 0.143934
v 0.242483 0.202104 0.143934
v 0.237396 0.212789 0.143934
v 0.230646 0.222472 0.143934
v 0.249922 0.143934 0.155567
v 0.249833 0.155903 0.155806
v 0.249317 0.167988 0.155930
v 0.248032 0.180006 0.156003
v 0.245710 0.191659 0.156025
v 0.242097 0.202836 0.156006
v 0.237024 0.213243 0.155967
v 0.230469 0.222537 0.155940
v 0.249446 0.143934 0.167343
v 0.249325 0.156047 0.167837
v 0.248757 0.168375 0.168177
v 0.247389 0.180582 0.168362
v 0.244968 0.192275 0.168398
v 0.241292 0.203304 0.168318
v 0.236267 0.213396 0.168186
v 0.229923 0.222297 0.168089
v 0.248250 0.143934 0.179113
v 0.248050 0.156117 0.179869
v 0.247401 0.168577 0.180398
v 0.245944 0.180869 0.180646
v 0.243452 0.192503 0.180617
v 0.239777 0.203291 0.180374
v 0.234871 0.213021 0.180055
v 0.228777 0.221521 0.179826
v 0.246035 0.143934 0.190736
v 0.245708 0.156123 0.191659
v 0.244955 0.168599 0.192266
v 0.243429 0.180845 0.192447
v 0.240936 0.192298 0.192211
v 0.237371 0.202750 0.191670
v 0.232698 0.212057 0.191058
v 0.226944 0.220121 0.190638
v 0.242536 0.143934 0.201966
v 0.242073 0.156083 0.202890
v 0.241245 0.168474 0.203387
v 0.239727 0.180562 0.203332
v 0.237350 0.191745 0.202746
v 0.234042 0.201801 0.201790
v 0.229758 0.210634 0.200784
v 0.224490 0.218191 0.200100
v 0.237479 0.143934 0.212645
v 0.236988 0.156010 0.213303
v 0.236199 0.168275 0.213496
v 0.234808 0.180177 0.213085
v 0.232672 0.191096 0.212080
v 0.229753 0.200782 0.210643
v 0.226060 0.209100 0.209111
v 0.221557 0.216007 0.208007
v 0.230788 0.143934 0.222301
v 0.230476 0.155935 0.222529
v 0.229894 0.168101 0.222329
v 0.228761 0.179876 0.221528
v 0.226964 0.190631 0.220100
v 0.224526 0.200078 0.218162
v 0.221591 0.207991 0.215981
v 0.218347 0.214130 0.214104
v 0.143934 0.249920 0.155696
v 0.143934 0.249436 0.167497
v 0.143934 0.248231 0.179254
v 0.143934 0.246009 0.190839
v 0.143934 0.242483 0.202104
v 0.143934 0.237397 0.212789
v 0.143934 0.230646 0.222472
v 0.155567 0.249922 0.143934
v 0.155805 0.249833 0.155903
v 0.155930 0.249317 0.167988
v 0.156003 0.248032 0.180006
v 0.156025 0.245711 0.191659
v 0.156006 0.242097 0.202836
v 0.155967 0.237024 0.213243
v 0.155940 0.230469 0.222537
v 0.167343 0.249447 0.143934
v 0.167836 0.249325 0.156047
v 0.168177 0.248758 0.168375
v 0.168362 0.247389 0.180583
v 0.168398 0.244968 0.192275
v 0.168318 0.241292 0.203304
v 0.168186 0.236267 0.213396
v 0.168088 0.229923 0.222297
v 0.179113 0.248251 0.143934
v 0.179869 0.248050 0.156117
v 0.180398 0.247401 0.168577
v 0.180646 0.245944 0.180869
v 0.180617 0.243452 0.192503
v 0.180374 0.239778 0.203292
v 0.180054 0.234871 0.213021
v 0.179826 0.228777 0.221521
v 0.190736 0.246035 0.143934
v 0.191659 0.245708 0.156123
v 0.192265 0.244955 0.168599
v 0.192446 0.243430 0.180845
v 0.192210 0.240936 0.192298
v 0.191670 0.237371 0.202750
v 0.191058 0.232699 0.212057
v 0.190637 0.226944 0.220121
v 0.201966 0.242537 0.143934
v 0.202890 0.242073 0.156083
v 0.203387 0.241245 0.168474
v 0.203331 0.239728 0.180562
v 0.202745 0.237351 0.191745
v 0.201789 0.234042 0.201801
v 0.200784 0.229758 0.210634
v 0.200099 0.224490 0.218191
v 0.212645 0.237479 0.143934
v 0.213303 0.236988 0.156010
v 0.213496 0.236199 0.168275
v 0.213085 0.234809 0.180177
v 0.212079 0.232672 0.191096
v 0.210643 0.229753 0.200782
v 0.209111 0.226060 0.209100
v 0.208006 0.221557 0.216007
v 0.222301 0.230789 0.143934
v 0.222528 0.230477 0.155935
v 0.222328 0.229895 0.168101
v 0.221528 0.228761 0.179876
v 0.220100 0.226964 0.190631
v 0.218161 0.224527 0.200078
v 0.215980 0.221591 0.207992
v 0.214104 0.218347 0.214130
v -0.250000 0.143934 0.143934
v -0.143934 0.143934 0.250000
v -0.143934 0.250000 0.143934
v -0.249920 0.143934 0.155696
v -0.249436 0.143934 0.167497
v -0.248231 0.143934 0.179254
v -0.246010 0.143934 0.190839
v -0.242483 0.143934 0.202104
v -0.237397 0.143934 0.212789
v -0.230647 0.143934 0.222472
v -0.249922 0.155567 0.143934
v -0.249833 0.155805 0.155903
v -0.249317 0.155930 0.167988
v -0.248032 0.156003 0.180006
v -0.245711 0.156025 0.191658
v -0.242097 0.156006 0.202836
v -0.237024 0.155967 0.213243
v -0.230469 0.155940 0.222537
v -0.249447 0.167343 0.143934
v -0.249325 0.167837 0.156047
v -0.248758 0.168177 0.168374
v -0.247389 0.168362 0.180582
v -0.244968 0.168398 0.192275
v -0.241292 0.168318 0.203304
v -0.236267 0.168186 0.213396
v -0.229923 0.168088 0.222297
v -0.248251 0.179113 0.143934
v -0.248050 0.179869 0.156116
v -0.247401 0.180398 0.168577
v -0.245944 0.180646 0.180869
v -0.243452 0.180617 0.192502
v -0.239778 0.180374 0.203291
v -0.234871 0.180055 0.213021
v -0.228777 0.179826 0.221521
v -0.246035 0.190736 0.143934
v -0.245708 0.191659 0.156123
v -0.244955 0.192266 0.168599
v -0.243430 0.192447 0.180845
v -0.240936 0.192211 0.192298
v -0.237371 0.191670 0.202750
v -0.232699 0.191058 0.212057
v -0.226944 0.190637 0.220121
v -0.242537 0.201966 0.143934
v -0.242074 0.202890 0.156083
v -0.241245 0.203387 0.168474
v -0.239728 0.203332 0.180562
v -0.237351 0.202746 0.191745
v -0.234042 0.201790 0.201801
v -0.229758 0.200784 0.210634
v -0.224490 0.200100 0.218190
v -0.237479 0.212645 0.143934
v -0.236988 0.213303 0.156010
v -0.236199 0.213496 0.168275
v -0.234809 0.213085 0.180177
v -0.232672 0.212079 0.191096
v -0.229754 0.210643 0.200782
v -0.226060 0.209111 0.209100
v -0.221558 0.208007 0.216007
v -0.230789 0.222301 0.143934
v -0.230477 0.222529 0.155935
v -0.229895 0.222329 0.168101
v -0.228761 0.221528 0.179876
v -0.226964 0.220100 0.190631
v -0.224527 0.218162 0.200078
v -0.221591 0.215981 0.207991
v -0.218347 0.214104 0.214130
v -0.143934 0.155696 0.249920
v -0.143934 0.167497 0.249436
v -0.143934 0.179254 0.248231
v -0.143934 0.190839 0.246009
v -0.143934 0.202104 0.242483
v -0.143934 0.212789 0.237397
v -0.143934 0.222472 0.230646
v -0.155567 0.143934 0.249922
v -0.155806 0.155903 0.249833
v -0.155930 0.167988 0.249317
v -0.156003 0.180006 0.248032
v -0.156025 0.191659 0.245710
v -0.156006 0.202836 0.242097
v -0.155967 0.213243 0.237024
v -0.155940 0.222537 0.230469
v -0.167343 0.143934 0.249446
v -0.167837 0.156047 0.249325
v -0.168177 0.168375 0.248758
v -0.168362 0.180582 0.247389
v -0.168398 0.192275 0.244968
v -0.168318 0.203304 0.241292
v -0.168186 0.213396 0.236267
v -0.168089 0.222297 0.229923
v -0.179113 0.143934 0.248251
v -0.179869 0.156117 0.248050
v -0.180398 0.168577 0.247401
v -0.180646 0.180869 0.245944
v -0.180617 0.192503 0.243452
v -0.180374 0.203292 0.239777
v -0.180055 0.213021 0.234871
v -0.179826 0.221521 0.228777
v -0.190736 0.143934 0.246035
v -0.191659 0.156123 0.245708
v -0.192266 0.168599 0.244955
v -0.192447 0.180845 0.243430
v -0.192211 0.192298 0.240936
v -0.191670 0.202750 0.237371
v -0.191058 0.212057 0.232698
v -0.190638 0.220121 0.226944
v -0.201966 0.143934 0.242536
v -0.202890 0.156083 0.242073
v -0.203387 0.168474 0.241245
v -0.203332 0.180562 0.239727
v -0.202746 0.191745 0.237351
v -0.201790 0.201801 0.234042
v -0.200784 0.210634 0.229758
v -0.200100 0.218191 0.224490
v -0.212645 0.143934 0.237479
v -0.213303 0.156010 0.236988
v -0.213496 0.168275 0.236199
v -0.213085 0.180177 0.234809
v -0.212080 0.191096 0.232672
v -0.210643 0.200782 0.229753
v -0.209111 0.209100 0.226060
v -0.208007 0.216007 0.221557
v -0.222301 0.143934 0.230789
v -0.222529 0.155935 0.230477
v -0.222329 0.168101 0.229895
v -0.221528 0.179876 0.228761
v -0.220100 0.190631 0.226964
v -0.218162 0.200078 0.224527
v -0.215981 0.207991 0.221591
v -0.214104 0.214130 0.218347
v -0.155696 0.249920 0.143934
v -0.167497 0.249436 0.143934
v -0.179254 0.248231 0.143934
v -0.190839 0.246009 0.143934
v -0.202104 0.242483 0.143934
v -0.212789 0.237397 0.143934
v -0.222472 0.230646 0.143934
v -0.143934 0.249922 0.155567
v -0.155903 0.249833 0.155805
v -0.167988 0.249317 0.155930
v -0.180006 0.248032 0.156003
v -0.191659 0.245711 0.156025
v -0.202836 0.242097 0.156006
v -0.213243 0.237024 0.155967
v -0.222537 0.230469 0.155940
v -0.143934 0.249447 0.167343
v -0.156047 0.249325 0.167836
v -0.168375 0.248758 0.168177
v -0.180583 0.247389 0.168362
v -0.192275 0.244968 0.168398
v -0.203304 0.241292 0.168318
v -0.213396 0.236267 0.168186
v -0.222297 0.229923 0.168088
v -0.143934 0.248251 0.179113
v -0.156117 0.248050 0.179869
v -0.168577 0.247401 0.180398
v -0.180869 0.245944 0.180646
v -0.192503 0.243452 0.180617
v -0.203292 0.239778 0.180374
v -0.213021 0.234871 0.180055
v -0.221521 0.228777 0.179826
v -0.143934 0.246035 0.190736
v -0.156123 0.245708 0.191659
v -0.168599 0.244955 0.192266
v -0.180845 0.243430 0.192446
v -0.192298 0.240936 0.192211
v -0.202750 0.237371 0.191670
v -0.212057 0.232699 0.191058
v -0.220121 0.226944 0.190637
v -0.143934 0.242537 0.201966
v -0.156083 0.242074 0.202890
v -0.168474 0.241245 0.203387
v -0.180562 0.239728 0.203331
v -0.191745 0.237351 0.202745
v -0.201801 0.234042 0.201789
v -0.210634 0.229758 0.200784
v -0.218191 0.224490 0.200099
v -0.143934 0.237479 0.212645
v -0.156010 0.236988 0.213303
v -0.168275 0.236199 0.213496
v -0.180177 0.234809 0.213085
v -0.191096 0.232672 0.212079
v -0.200782 0.229753 0.210643
v -0.209100 0.226060 0.209111
v -0.216007 0.221557 0.208006
v -0.143934 0.230789 0.222301
v -0.155935 0.230477 0.222528
v -0.168101 0.229895 0.222328
v -0.179876 0.228761 0.221528
v -0.190631 0.226964 0.220100
v -0.200078 0.224527 0.218162
v -0.207992 0.221591 0.215981
v -0.214130 0.218347 0.214104
v -0.250000 0.143934 -0.143934
v -0.143934 0.250000 -0.143934
v -0.143934 0.143934 -0.250000
v -0.249920 0.155696 -0.143934
v -0.249436 0.167497 -0.143934
v -0.248231 0.179254 -0.143934
v -0.246009 0.190839 -0.143934
v -0.242483 0.202104 -0.143934
v -0.237397 0.212789 -0.143934
v -0.230646 0.222472 -0.143934
v -0.249922 0.143934 -0.155567
v -0.249833 0.155903 -0.155805
v -0.249317 0.167988 -0.155930
v -0.248032 0.180006 -0.156003
v -0.245710 0.191659 -0.156025
v -0.242097 0.202836 -0.156006
v -0.237024 0.213243 -0.155967
v -0.230469 0.222537 -0.155940
v -0.249446 0.143934 -0.167343
v -0.249325 0.156047 -0.167836
v -0.248758 0.168375 -0.168177
v -0.247389 0.180582 -0.168362
v -0.244968 0.192275 -0.168398
v -0.241292 0.203304 -0.168318
v -0.236267 0.213396 -0.168186
v -0.229923 0.222297 -0.168088
v -0.248251 0.143934 -0.179113
v -0.248050 0.156117 -0.179869
v -0.247401 0.168577 -0.180398
v -0.245944 0.180869 -0.180646
v -0.243452 0.192503 -0.180617
v -0.239778 0.203291 -0.180374
v -0.234871 0.213021 -0.180055
v -0.228777 0.221521 -0.179826
v -0.246035 0.143934 -0.190736
v -0.245708 0.156123 -0.191659
v -0.244955 0.168599 -0.192266
v -0.243430 0.180845 -0.192446
v -0.240936 0.192298 -0.192211
v -0.237371 0.202750 -0.191670
v -0.232698 0.212057 -0.191058
v -0.226944 0.220121 -0.190637
v -0.242536 0.143934 -0.201966
v -0.242073 0.156083 -0.202890
v -0.241245 0.168474 -0.203387
v -0.239727 0.180562 -0.203331
v -0.237351 0.191745 -0.202745
v -0.234042 0.201801 -0.201789
v -0.229758 0.210634 -0.200784
v -0.224490 0.218191 -0.200099
v -0.237479 0.143934 -0.212645
v -0.236988 0.156010 -0.213303
v -0.236199 0.168275 -0.213496
v -0.234809 0.180177 -0.213085
v -0.232672 0.191096 -0.212079
v -0.229753 0.200782 -0.210643
v -0.226060 0.209100 -0.209111
v -0.221557 0.216007 -0.208006
v -0.230789 0.143934 -0.222301
v -0.230477 0.155935 -0.222528
v -0.229895 0.168101 -0.222328
v -0.228761 0.179876 -0.221528
v -0.226964 0.190631 -0.220100
v -0.224527 0.200078 -0.218162
v -0.221591 0.207991 -0.215981
v -0.218347 0.214130 -0.214104
v -0.143934 0.249920 -0.155696
v -0.143934 0.249436 -0.167497
v -0.143934 0.248231 -0.179254
v -0.143934 0.246009 -0.190839
v -0.143934 0.242483 -0.202104
v -0.143934 0.237397 -0.212789
v -0.143934 0.230646 -0.222472
v -0.155567 0.249922 -0.143934
v -0.155805 0.249833 -0.155903
v -0.155930 0.249317 -0.167988
v -0.156003 0.248032 -0.180006
v -0.156025 0.245711 -0.191658
v -0.156006 0.242097 -0.202836
v -0.155967 0.237024 -0.213243
v -0.155940 0.230469 -0.222537
v -0.167343 0.249447 -0.143934
v -0.167836 0.249325 -0.156047
v -0.168177 0.248758 -0.168374
v -0.168362 0.247389 -0.180582
v -0.168398 0.244968 -0.192275
v -0.168318 0.241292 -0.203304
v -0.168186 0.236267 -0.213396
v -0.168088 0.229923 -0.222297
v -0.179113 0.248251 -0.143934
v -0.179869 0.248050 -0.156116
v -0.180398 0.247401 -0.168577
v -0.180646 0.245944 -0.180869
v -0.180617 0.243452 -0.192503
v -0.180374 0.239778 -0.203291
v -0.180055 0.234871 -0.213021
v -0.179826 0.228777 -0.221521
v -0.190736 0.246035 -0.143934
v -0.191659 0.245708 -0.156123
v -0.192266 0.244955 -0.168599
v -0.192446 0.243430 -0.180845
v -0.192211 0.240936 -0.192298
v -0.191670 0.237371 -0.202750
v -0.191058 0.232699 -0.212057
v -0.190637 0.226944 -0.220121
v -0.201966 0.242537 -0.143934
v -0.202890 0.242073 -0.156083
v -0.203387 0.241245 -0.168474
v -0.203331 0.239728 -0.180562
v -0.202746 0.237351 -0.191745
v -0.201790 0.234042 -0.201801
v -0.200784 0.229758 -0.210634
v -0.200099 0.224490 -0.218190
v -0.212645 0.237479 -0.143934
v -0.213303 0.236988 -0.156010
v -0.213496 0.236199 -0.168275
v -0.213085 0.234809 -0.180177
v -0.212079 0.232672 -0.191096
v -0.210643 0.229753 -0.200782
v -0.209111 0.226060 -0.209100
v -0.208006 0.221557 -0.216007
v -0.222301 0.230789 -0.143934
v -0.222528 0.230477 -0.155935
v -0.222328 0.229895 -0.168101
v -0.221528 0.228761 -0.179876
v -0.220100 0.226964 -0.190631
v -0.218162 0.224527 -0.200078
v -0.215981 0.221591 -0.207991
v -0.214104 0.218347 -0.214130
v -0.155696 0.143934 -0.249920
v -0.167497 0.143934 -0.249436
v -0.179254 0.143934 -0.248231
v -0.190839 0.143934 -0.246009
v -0.202104 0.143934 -0.242483
v -0.212789 0.143934 -0.237396
v -0.222472 0.143934 -0.230646
v -0.143934 0.155567 -0.249922
v -0.155903 0.155806 -0.249833
v -0.167988 0.155930 -0.249317
v -0.180006 0.156003 -0.248032
v -0.191659 0.156025 -0.245710
v -0.202836 0.156006 -0.242097
v -0.213243 0.155967 -0.237024
v -0.222537 0.155940 -0.230469
v -0.143934 0.167343 -0.249446
v -0.156047 0.167837 -0.249325
v -0.168374 0.168177 -0.248758
v -0.180582 0.168362 -0.247389
v -0.192275 0.168398 -0.244968
v -0.203304 0.168318 -0.241292
v -0.213396 0.168186 -0.236267
v -0.222297 0.168088 -0.229923
v -0.143934 0.179113 -0.248251
v -0.156116 0.179869 -0.248050
v -0.168577 0.180398 -0.247401
v -0.180869 0.180646 -0.245944
v -0.192503 0.180617 -0.243452
v -0.203291 0.180374 -0.239777
v -0.213021 0.180055 -0.234871
v -0.221521 0.179826 -0.228777
v -0.143934 0.190736 -0.246035
v -0.156123 0.191659 -0.245708
v -0.168599 0.192266 -0.244955
v -0.180845 0.192447 -0.243430
v -0.192298 0.192211 -0.240936
v -0.202750 0.191670 -0.237371
v -0.212057 0.191058 -0.232698
v -0.220121 0.190637 -0.226944
v -0.143934 0.201966 -0.242536
v -0.156083 0.202890 -0.242073
v -0.168474 0.203387 -0.241245
v -0.180562 0.203332 -0.239727
v -0.191745 0.202746 -0.237351
v -0.201801 0.201790 -0.234042
v -0.210634 0.200784 -0.229758
v -0.218190 0.200100 -0.224490
v -0.143934 0.212645 -0.237479
v -0.156010 0.213303 -0.236988
v -0.168275 0.213496 -0.236199
v -0.180177 0.213085 -0.234809
v -0.191096 0.212080 -0.232672
v -0.200782 0.210643 -0.229753
v -0.209100 0.209111 -0.226060
v -0.216007 0.208007 -0.221557
v -0.143934 0.222301 -0.230789
v -0.155935 0.222529 -0.230477
v -0.168101 0.222329 -0.229894
v -0.179876 0.221528 -0.228761
v -0.190631 0.220100 -0.226964
v -0.200078 0.218162 -0.224527
v -0.207991 0.215981 -0.221591
v -0.214130 0.214104 -0.218347
vn 0.0034 0.0035 -1.0000
vn 0.0035 -0.0034 -1.0000
vn -0.0034 -0.0035 -1.0000
vn -0.0035 0.0034 -1.0000
vn 0.0034 -1.0000 -0.0035
vn 0.0035 -1.0000 0.0034
vn -0.0034 -1.0000 0.0035
vn -0.0035 -1.0000 -0.0034
vn -1.0000 -0.0035 0.0034
vn -1.0000 0.0034 0.0035
vn -1.0000 0.0035 -0.0034
vn -1.0000 -0.0034 -0.0035
vn 0.0035 1.0000 -0.0034
vn -0.0034 1.0000 -0.0035
vn -0.0035 1.0000 0.0034
vn 0.0034 1.0000 0.0035
vn 0.0034 -0.0035 1.0000
vn 0.0035 0.0034 1.0000
vn -0.0034 0.0035 1.0000
vn -0.0035 -0.0034 1.0000
vn 1.0000 -0.0035 -0.0034
vn 0.9997 -0.0240 -0.0036
vn 0.9994 -0.0250 -0.0247
vn 0.9997 -0.0036 -0.0238
vn 0.9974 -0.0717 -0.0038
vn 0.9969 -0.0745 -0.0256
vn 0.9893 -0.1456 -0.0039
vn 0.9882 -0.1511 -0.0263
vn 0.9697 -0.2444 -0.0038
vn 0.9674 -0.2520 -0.0266
vn 0.9308 -0.3655 -0.0037
vn 0.9271 -0.3738 -0.0266
vn 0.8645 -0.5025 -0.0033
vn 0.8605 -0.5088 -0.0263
vn 0.7666 -0.6421 -0.0030
vn 0.7646 -0.6440 -0.0259
vn 0.6411 -0.7674 -0.0030
vn 0.6439 -0.7647 -0.0259
vn 0.9969 -0.0260 -0.0738
vn 0.9974 -0.0038 -0.0713
vn 0.9941 -0.0773 -0.0764
vn 0.9846 -0.1564 -0.0785
vn 0.9625 -0.2593 -0.0799
vn 0.9210 -0.3812 -0.0805
vn 0.8543 -0.5136 -0.0806
vn 0.7607 -0.6440 -0.0804
vn 0.6446 -0.7603 -0.0806
vn 0.9883 -0.0268 -0.1503
vn 0.9894 -0.0040 -0.1451
vn 0.9846 -0.0796 -0.1554
vn 0.9741 -0.1605 -0.1593
vn 0.9507 -0.2646 -0.1616
vn 0.9083 -0.3855 -0.1623
vn 0.8422 -0.5143 -0.1618
vn 0.7515 -0.6397 -0.1612
vn 0.6401 -0.7512 -0.1615
vn 0.9674 -0.0272 -0.2518
vn 0.9698 -0.0040 -0.2439
vn 0.9624 -0.0810 -0.2592
vn 0.9506 -0.1629 -0.2641
vn 0.9263 -0.2668 -0.2660
vn 0.8841 -0.3851 -0.2648
vn 0.8200 -0.5088 -0.2620
vn 0.7337 -0.6280 -0.2596
vn 0.6280 -0.7337 -0.2596
vn 0.9270 -0.0271 -0.3742
vn 0.9310 -0.0038 -0.3649
vn 0.9205 -0.0814 -0.3820
vn 0.9079 -0.1634 -0.3860
vn 0.8839 -0.2656 -0.3850
vn 0.8439 -0.3795 -0.3793
vn 0.7848 -0.4964 -0.3711
vn 0.7054 -0.6078 -0.3647
vn 0.6075 -0.7057 -0.3645
vn 0.8603 -0.0265 -0.5091
vn 0.8650 -0.0034 -0.5017
vn 0.8536 -0.0811 -0.5145
vn 0.8416 -0.1626 -0.5150
vn 0.8198 -0.2625 -0.5090
vn 0.7848 -0.3712 -0.4963
vn 0.7351 -0.4794 -0.4794
vn 0.6682 -0.5810 -0.4648
vn 0.5806 -0.6685 -0.4647
vn 0.7647 -0.0259 -0.6439
vn 0.7674 -0.0030 -0.6411
vn 0.7603 -0.0806 -0.6446
vn 0.7512 -0.1615 -0.6401
vn 0.7337 -0.2596 -0.6280
vn 0.7057 -0.3645 -0.6075
vn 0.6685 -0.4647 -0.5806
vn 0.6249 -0.5522 -0.5519
vn 0.5519 -0.6249 -0.5522
vn 0.0036 -0.9997 -0.0240
vn 0.0247 -0.9994 -0.0250
vn 0.0238 -0.9997 -0.0036
vn 0.0038 -0.9974 -0.0717
vn 0.0256 -0.9969 -0.0745
vn 0.0039 -0.9893 -0.1456
vn 0.0263 -0.9882 -0.1511
vn 0.0038 -0.9697 -0.2444
vn 0.0266 -0.9674 -0.2520
vn 0.0037 -0.9308 -0.3655
vn 0.0266 -0.9271 -0.3738
vn 0.0033 -0.8645 -0.5025
vn 0.0263 -0.8605 -0.5088
vn 0.0030 -0.7666 -0.6421
vn 0.0259 -0.7646 -0.6440
vn 0.0030 -0.6411 -0.7674
vn 0.0259 -0.6439 -0.7647
vn 0.0738 -0.9969 -0.0260
vn 0.0713 -0.9974 -0.0038
vn 0.0764 -0.9941 -0.0773
vn 0.0785 -0.9846 -0.1564
vn 0.0799 -0.9625 -0.2593
vn 0.0805 -0.9210 -0.3812
vn 0.0806 -0.8543 -0.5136
vn 0.0805 -0.7607 -0.6440
vn 0.0806 -0.6446 -0.7603
vn 0.1503 -0.9883 -0.0268
vn 0.1451 -0.9894 -0.0040
vn 0.1554 -0.9846 -0.0796
vn 0.1593 -0.9741 -0.1605
vn 0.1616 -0.9507 -0.2646
vn 0.1623 -0.9083 -0.3855
vn 0.1618 -0.8422 -0.5143
vn 0.1612 -0.7515 -0.6397
vn 0.1615 -0.6401 -0.7512
vn 0.2518 -0.9674 -0.0272
vn 0.2439 -0.9698 -0.0040
vn 0.2592 -0.9624 -0.0810
vn 0.2641 -0.9506 -0.1629
vn 0.2660 -0.9263 -0.2668
vn 0.2648 -0.8841 -0.3851
vn 0.2620 -0.8200 -0.5088
vn 0.2596 -0.7337 -0.6280
vn 0.2596 -0.6280 -0.7337
vn 0.3742 -0.9270 -0.0271
vn 0.3649 -0.9310 -0.0038
vn 0.3821 -0.9205 -0.0814
vn 0.3860 -0.9079 -0.1634
vn 0.3850 -0.8839 -0.2656
vn 0.3793 -0.8439 -0.3795
vn 0.3711 -0.7848 -0.4964
vn 0.3647 -0.7054 -0.6078
vn 0.3645 -0.6075 -0.7057
vn 0.5091 -0.8603 -0.0265
vn 0.5017 -0.8650 -0.0034
vn 0.5145 -0.8536 -0.0811
vn 0.5150 -0.8416 -0.1626
vn 0.5090 -0.8198 -0.2625
vn 0.4963 -0.7848 -0.3712
vn 0.4794 -0.7351 -0.4794
vn 0.4648 -0.6682 -0.5810
vn 0.4647 -0.5806 -0.6685
vn 0.5522 -0.5519 -0.6249
vn 0.0240 -0.0036 -0.9997
vn 0.0250 -0.0247 -0.9994
vn 0.0036 -0.0238 -0.9997
vn 0.0717 -0.0038 -0.9974
vn 0.0745 -0.0256 -0.9969
vn 0.1456 -0.0039 -0.9893
vn 0.1511 -0.0263 -0.9882
vn 0.2444 -0.0038 -0.9697
vn 0.2520 -0.0266 -0.9674
vn 0.3655 -0.0037 -0.9308
vn 0.3738 -0.0266 -0.9271
vn 0.5025 -0.0033 -0.8645
vn 0.5088 -0.0263 -0.8605
vn 0.6421 -0.0030 -0.7666
vn 0.6440 -0.0259 -0.7646
vn 0.0260 -0.0738 -0.9969
vn 0.0038 -0.0713 -0.9974
vn 0.0773 -0.0764 -0.9941
vn 0.1564 -0.0785 -0.9846
vn 0.2593 -0.0799 -0.9625
vn 0.3812 -0.0805 -0.9210
vn 0.5136 -0.0806 -0.8543
vn 0.6440 -0.0804 -0.7607
vn 0.0268 -0.1503 -0.9883
vn 0.0040 -0.1451 -0.9894
vn 0.0796 -0.1554 -0.9846
vn 0.1605 -0.1593 -0.9741
vn 0.2646 -0.1616 -0.9507
vn 0.3855 -0.1623 -0.9083
vn 0.5143 -0.1618 -0.8422
vn 0.6397 -0.1612 -0.7515
vn 0.0272 -0.2518 -0.9674
vn 0.0040 -0.2439 -0.9698
vn 0.0810 -0.2592 -0.9624
vn 0.1629 -0.2641 -0.9506
vn 0.2668 -0.2660 -0.9263
vn 0.3851 -0.2648 -0.8841
vn 0.5088 -0.2620 -0.8200
vn 0.6280 -0.2596 -0.7337
vn 0.0271 -0.3742 -0.9270
vn 0.0038 -0.3649 -0.9310
vn 0.0814 -0.3821 -0.9205
vn 0.1634 -0.3860 -0.9079
vn 0.2656 -0.3850 -0.8839
vn 0.3795 -0.3793 -0.8439
vn 0.4964 -0.3711 -0.7848
vn 0.6078 -0.3647 -0.7054
vn 0.0265 -0.5091 -0.8603
vn 0.0034 -0.5017 -0.8650
vn 0.0811 -0.5145 -0.8536
vn 0.1626 -0.5150 -0.8416
vn 0.2625 -0.5090 -0.8198
vn 0.3712 -0.4963 -0.7848
vn 0.4794 -0.4794 -0.7351
vn 0.5810 -0.4648 -0.6682
vn 1.0000 -0.0034 0.0035
vn 0.9997 -0.0036 0.0240
vn 0.9994 -0.0247 0.0250
vn 0.9997 -0.0238 0.0036
vn 0.9974 -0.0038 0.0717
vn 0.9969 -0.0256 0.0745
vn 0.9893 -0.0039 0.1456
vn 0.9882 -0.0263 0.1511
vn 0.9697 -0.0038 0.2444
vn 0.9674 -0.0266 0.2520
vn 0.9308 -0.0037 0.3655
vn 0.9271 -0.0266 0.3738
vn 0.8645 -0.0033 0.5025
vn 0.8605 -0.0263 0.5088
vn 0.7666 -0.0030 0.6421
vn 0.7646 -0.0259 0.6440
vn 0.6411 -0.0030 0.7674
vn 0.6439 -0.0259 0.7647
vn 0.9969 -0.0738 0.0260
vn 0.9974 -0.0713 0.0038
vn 0.9941 -0.0764 0.0773
vn 0.9846 -0.0785 0.1564
vn 0.9625 -0.0799 0.2593
vn 0.9210 -0.0805 0.3812
vn 0.8543 -0.0806 0.5136
vn 0.7607 -0.0804 0.6440
vn 0.6446 -0.0806 0.7603
vn 0.9883 -0.1503 0.0268
vn 0.9894 -0.1451 0.0040
vn 0.9846 -0.1554 0.0796
vn 0.9741 -0.1593 0.1605
vn 0.9507 -0.1616 0.2646
vn 0.9083 -0.1623 0.3855
vn 0.8422 -0.1618 0.5143
vn 0.7515 -0.1612 0.6397
vn 0.6401 -0.1615 0.7512
vn 0.9674 -0.2518 0.0272
vn 0.9698 -0.2439 0.0040
vn 0.9624 -0.2592 0.0810
vn 0.9506 -0.2641 0.1629
vn 0.9263 -0.2660 0.2668
vn 0.8841 -0.2648 0.3851
vn 0.8200 -0.2620 0.5088
vn 0.7337 -0.2596 0.6280
vn 0.6280 -0.2596 0.7337
vn 0.9270 -0.3742 0.0271
vn 0.9310 -0.3649 0.0038
vn 0.9205 -0.3821 0.0814
vn 0.9079 -0.3860 0.1634
vn 0.8839 -0.3850 0.2656
vn 0.8439 -0.3793 0.3795
vn 0.7848 -0.3711 0.4964
vn 0.7054 -0.3647 0.6078
vn 0.6075 -0.3645 0.7057
vn 0.8603 -0.5091 0.0265
vn 0.8650 -0.5017 0.0034
vn 0.8536 -0.5145 0.0811
vn 0.8416 -0.5150 0.1626
vn 0.8198 -0.5090 0.2625
vn 0.7848 -0.4963 0.3712
vn 0.7351 -0.4794 0.4794
vn 0.6682 -0.4648 0.5810
vn 0.5806 -0.4647 0.6685
vn 0.7647 -0.6439 0.0259
vn 0.7674 -0.6411 0.0030
vn 0.7603 -0.6446 0.0806
vn 0.7512 -0.6401 0.1615
vn 0.7337 -0.6280 0.2596
vn 0.7057 -0.6075 0.3645
vn 0.6685 -0.5806 0.4647
vn 0.6249 -0.5519 0.5522
vn 0.5519 -0.5522 0.6249
vn 0.0036 -0.0240 0.9997
vn 0.0247 -0.0250 0.9994
vn 0.0238 -0.0036 0.9997
vn 0.0038 -0.0717 0.9974
vn 0.0256 -0.0745 0.9969
vn 0.0039 -0.1456 0.9893
vn 0.0263 -0.1511 0.9882
vn 0.0038 -0.2444 0.9697
vn 0.0266 -0.2520 0.9674
vn 0.0037 -0.3655 0.9308
vn 0.0266 -0.3738 0.9271
vn 0.0033 -0.5025 0.8645
vn 0.0263 -0.5088 0.8605
vn 0.0030 -0.6421 0.7666
vn 0.0259 -0.6440 0.7646
vn 0.0030 -0.7674 0.6411
vn 0.0259 -0.7647 0.6439
vn 0.0738 -0.0260 0.9969
vn 0.0713 -0.0038 0.9974
vn 0.0764 -0.0773 0.9941
vn 0.0785 -0.1564 0.9846
vn 0.0799 -0.2593 0.9625
vn 0.0805 -0.3812 0.9210
vn 0.0806 -0.5136 0.8543
vn 0.0804 -0.6440 0.7607
vn 0.0806 -0.7603 0.6446
vn 0.1503 -0.0268 0.9883
vn 0.1451 -0.0040 0.9894
vn 0.1554 -0.0796 0.9846
vn 0.1593 -0.1605 0.9741
vn 0.1616 -0.2646 0.9507
vn 0.1623 -0.3855 0.9083
vn 0.1618 -0.5143 0.8422
vn 0.1612 -0.6397 0.7515
vn 0.1615 -0.7512 0.6401
vn 0.2518 -0.0272 0.9674
vn 0.2439 -0.0040 0.9698
vn 0.2592 -0.0810 0.9624
vn 0.2641 -0.1629 0.9506
vn 0.2660 -0.2668 0.9263
vn 0.2648 -0.3851 0.8841
vn 0.2620 -0.5088 0.8200
vn 0.2596 -0.6280 0.7337
vn 0.2596 -0.7337 0.6280
vn 0.3742 -0.0271 0.9270
vn 0.3649 -0.0038 0.9310
vn 0.3821 -0.0814 0.9205
vn 0.3860 -0.1634 0.9079
vn 0.3850 -0.2656 0.8839
vn 0.3793 -0.3795 0.8439
vn 0.3711 -0.4964 0.7848
vn 0.3647 -0.6078 0.7054
vn 0.3645 -0.7057 0.6075
vn 0.5091 -0.0265 0.8603
vn 0.5017 -0.0034 0.8650
vn 0.5145 -0.0811 0.8536
vn 0.5150 -0.1626 0.8416
vn 0.5090 -0.2625 0.8198
vn 0.4963 -0.3712 0.7848
vn 0.4794 -0.4794 0.7351
vn 0.4648 -0.5810 0.6682
vn 0.4647 -0.6685 0.5806
vn 0.5522 -0.6249 0.5519
vn 0.0240 -0.9997 0.0036
vn 0.0250 -0.9994 0.0247
vn 0.0036 -0.9997 0.0238
vn 0.0717 -0.9974 0.0038
vn 0.0745 -0.9969 0.0256
vn 0.1456 -0.9893 0.0039
vn 0.1511 -0.9882 0.0263
vn 0.2444 -0.9697 0.0038
vn 0.2520 -0.9674 0.0266
vn 0.3655 -0.9308 0.0037
vn 0.3738 -0.9271 0.0266
vn 0.5025 -0.8645 0.0033
vn 0.5088 -0.8605 0.0263
vn 0.6421 -0.7666 0.0030
vn 0.6440 -0.7646 0.0259
vn 0.0260 -0.9969 0.0738
vn 0.0038 -0.9974 0.0713
vn 0.0773 -0.9941 0.0764
vn 0.1564 -0.9846 0.0785
vn 0.2593 -0.9625 0.0799
vn 0.3812 -0.9210 0.0805
vn 0.5136 -0.8543 0.0806
vn 0.6440 -0.7607 0.0804
vn 0.0268 -0.9883 0.1503
vn 0.0040 -0.9894 0.1451
vn 0.0796 -0.9846 0.1554
vn 0.1605 -0.9741 0.1593
vn 0.2646 -0.9507 0.1616
vn 0.3855 -0.9083 0.1623
vn 0.5143 -0.8422 0.1618
vn 0.6397 -0.7515 0.1612
vn 0.0272 -0.9674 0.2518
vn 0.0040 -0.9698 0.2439
vn 0.0810 -0.9624 0.2592
vn 0.1629 -0.9506 0.2641
vn 0.2668 -0.9263 0.2660
vn 0.3851 -0.8841 0.2648
vn 0.5088 -0.8200 0.2620
vn 0.6280 -0.7337 0.2596
vn 0.0271 -0.9270 0.3742
vn 0.0038 -0.9310 0.3649
vn 0.0814 -0.9205 0.3821
vn 0.1634 -0.9079 0.3860
vn 0.2656 -0.8839 0.3850
vn 0.3795 -0.8439 0.3793
vn 0.4964 -0.7848 0.3712
vn 0.6078 -0.7054 0.3647
vn 0.0265 -0.8603 0.5091
vn 0.0034 -0.8650 0.5017
vn 0.0811 -0.8536 0.5145
vn 0.1626 -0.8416 0.5150
vn 0.2625 -0.8198 0.5090
vn 0.3712 -0.7848 0.4963
vn 0.4794 -0.7351 0.4794
vn 0.5810 -0.6682 0.4648
vn -0.0240 -0.0036 0.9997
vn -0.0250 -0.0247 0.9994
vn -0.0036 -0.0238 0.9997
vn -0.0717 -0.0038 0.9974
vn -0.0745 -0.0256 0.9969
vn -0.1456 -0.0039 0.9893
vn -0.1511 -0.0263 0.9882
vn -0.2444 -0.0038 0.9697
vn -0.2520 -0.0266 0.9674
vn -0.3655 -0.0037 0.9308
vn -0.3738 -0.0266 0.9271
vn -0.5025 -0.0033 0.8645
vn -0.5088 -0.0263 0.8605
vn -0.6421 -0.0030 0.7666
vn -0.6440 -0.0259 0.7646
vn -0.7674 -0.0030 0.6411
vn -0.7647 -0.0259 0.6439
vn -0.0260 -0.0738 0.9969
vn -0.0038 -0.0713 0.9974
vn -0.0773 -0.0764 0.9941
vn -0.1564 -0.0785 0.9846
vn -0.2593 -0.0799 0.9625
vn -0.3812 -0.0805 0.9210
vn -0.5136 -0.0806 0.8543
vn -0.6440 -0.0804 0.7607
vn -0.7603 -0.0806 0.6446
vn -0.0268 -0.1503 0.9883
vn -0.0040 -0.1451 0.9894
vn -0.0796 -0.1554 0.9846
vn -0.1605 -0.1593 0.9741
vn -0.2646 -0.1616 0.9507
vn -0.3855 -0.1623 0.9083
vn -0.5143 -0.1618 0.8422
vn -0.6397 -0.1612 0.7515
vn -0.7512 -0.1615 0.6401
vn -0.0272 -0.2518 0.9674
vn -0.0040 -0.2439 0.9698
vn -0.0810 -0.2592 0.9624
vn -0.1629 -0.2641 0.9506
vn -0.2668 -0.2660 0.9263
vn -0.3851 -0.2648 0.8841
vn -0.5088 -0.2620 0.8200
vn -0.6280 -0.2596 0.7337
vn -0.7337 -0.2596 0.6280
vn -0.0271 -0.3742 0.9270
vn -0.0038 -0.3649 0.9310
vn -0.0814 -0.3821 0.9205
vn -0.1634 -0.3860 0.9079
vn -0.2656 -0.3850 0.8839
vn -0.3795 -0.3793 0.8439
vn -0.4964 -0.3711 0.7848
vn -0.6078 -0.3647 0.7054
vn -0.7057 -0.3645 0.6075
vn -0.0265 -0.5091 0.8603
vn -0.0034 -0.5017 0.8650
vn -0.0811 -0.5145 0.8536
vn -0.1626 -0.5150 0.8416
vn -0.2625 -0.5090 0.8198
vn -0.3712 -0.4963 0.7848
vn -0.4794 -0.4794 0.7351
vn -0.5810 -0.4648 0.6682
vn -0.6685 -0.4647 0.5806
vn -0.0259 -0.6439 0.7647
vn -0.0030 -0.6411 0.7674
vn -0.0806 -0.6446 0.7603
vn -0.1615 -0.6401 0.7512
vn -0.2596 -0.6280 0.7337
vn -0.3645 -0.6075 0.7057
vn -0.4647 -0.5806 0.6685
vn -0.5522 -0.5519 0.6249
vn -0.6249 -0.5522 0.5519
vn -0.9997 -0.0240 0.0036
vn -0.9994 -0.0250 0.0247
vn -0.9997 -0.0036 0.0238
vn -0.9974 -0.0717 0.0038
vn -0.9969 -0.0745 0.0256
vn -0.9893 -0.1456 0.0039
vn -0.9882 -0.1511 0.0263
vn -0.9697 -0.2444 0.0038
vn -0.9674 -0.2520 0.0266
vn -0.9308 -0.3655 0.0037
vn -0.9271 -0.3738 0.0266
vn -0.8645 -0.5025 0.0033
vn -0.8605 -0.5088 0.0263
vn -0.7666 -0.6421 0.0030
vn -0.7646 -0.6440 0.0259
vn -0.6411 -0.7674 0.0030
vn -0.6439 -0.7647 0.0259
vn -0.9969 -0.0260 0.0738
vn -0.9974 -0.0038 0.0713
vn -0.9941 -0.0773 0.0764
vn -0.9846 -0.1564 0.0785
vn -0.9625 -0.2593 0.0799
vn -0.9210 -0.3812 0.0805
vn -0.8543 -0.5136 0.0806
vn -0.7607 -0.6440 0.0804
vn -0.6446 -0.7603 0.0806
vn -0.9883 -0.0268 0.1503
vn -0.9894 -0.0040 0.1451
vn -0.9846 -0.0796 0.1554
vn -0.9741 -0.1605 0.1593
vn -0.9507 -0.2646 0.1616
vn -0.9083 -0.3855 0.1623
vn -0.8422 -0.5143 0.1618
vn -0.7515 -0.6397 0.1612
vn -0.6401 -0.7512 0.1615
vn -0.9674 -0.0272 0.2518
vn -0.9698 -0.0040 0.2439
vn -0.9624 -0.0810 0.2592
vn -0.9506 -0.1629 0.2641
vn -0.9263 -0.2668 0.2660
vn -0.8841 -0.3851 0.2648
vn -0.8200 -0.5088 0.2620
vn -0.7337 -0.6280 0.2596
vn -0.6280 -0.7337 0.2596
vn -0.9270 -0.0271 0.3742
vn -0.9310 -0.0038 0.3649
vn -0.9205 -0.0814 0.3821
vn -0.9079 -0.1634 0.3860
vn -0.8839 -0.2656 0.3850
vn -0.8439 -0.3795 0.3793
vn -0.7848 -0.4964 0.3711
vn -0.7054 -0.6078 0.3647
vn -0.6075 -0.7057 0.3645
vn -0.8603 -0.0265 0.5091
vn -0.8650 -0.0034 0.5017
vn -0.8536 -0.0811 0.5145
vn -0.8416 -0.1626 0.5150
vn -0.8198 -0.2625 0.5090
vn -0.7848 -0.3712 0.4963
vn -0.7351 -0.4794 0.4794
vn -0.6682 -0.5810 0.4648
vn -0.5806 -0.6685 0.4647
vn -0.5519 -0.6249 0.5522
vn -0.0036 -0.9997 0.0240
vn -0.0247 -0.9994 0.0250
vn -0.0238 -0.9997 0.0036
vn -0.0038 -0.9974 0.0717
vn -0.0256 -0.9969 0.0745
vn -0.0039 -0.9893 0.1456
vn -0.0263 -0.9882 0.1511
vn -0.0038 -0.9697 0.2444
vn -0.0266 -0.9674 0.2520
vn -0.0037 -0.9308 0.3655
vn -0.0266 -0.9271 0.3738
vn -0.0033 -0.8645 0.5025
vn -0.0263 -0.8605 0.5088
vn -0.0030 -0.7666 0.6421
vn -0.0259 -0.7646 0.6440
vn -0.0738 -0.9969 0.0260
vn -0.0713 -0.9974 0.0038
vn -0.0764 -0.9941 0.0773
vn -0.0785 -0.9846 0.1564
vn -0.0799 -0.9625 0.2593
vn -0.0805 -0.9210 0.3812
vn -0.0806 -0.8543 0.5136
vn -0.0804 -0.7607 0.6440
vn -0.1503 -0.9883 0.0268
vn -0.1451 -0.9894 0.0040
vn -0.1554 -0.9846 0.0796
vn -0.1593 -0.9741 0.1605
vn -0.1616 -0.9507 0.2646
vn -0.1623 -0.9083 0.3855
vn -0.1618 -0.8422 0.5143
vn -0.1612 -0.7515 0.6397
vn -0.2518 -0.9674 0.0272
vn -0.2439 -0.9698 0.0040
vn -0.2592 -0.9624 0.0810
vn -0.2641 -0.9506 0.1629
vn -0.2660 -0.9263 0.2668
vn -0.2648 -0.8841 0.3851
vn -0.2620 -0.8200 0.5088
vn -0.2596 -0.7337 0.6280
vn -0.3742 -0.9270 0.0271
vn -0.3649 -0.9310 0.0038
vn -0.3821 -0.9205 0.0814
vn -0.3860 -0.9079 0.1634
vn -0.3850 -0.8839 0.2656
vn -0.3793 -0.8439 0.3795
vn -0.3711 -0.7848 0.4964
vn -0.3647 -0.7054 0.6078
vn -0.5091 -0.8603 0.0265
vn -0.5017 -0.8650 0.0034
vn -0.5145 -0.8536 0.0811
vn -0.5150 -0.8416 0.1626
vn -0.5090 -0.8198 0.2625
vn -0.4963 -0.7848 0.3712
vn -0.4794 -0.7351 0.4794
vn -0.4648 -0.6682 0.5810
vn -0.0036 -0.0240 -0.9997
vn -0.0247 -0.0250 -0.9994
vn -0.0238 -0.0036 -0.9997
vn -0.0038 -0.0717 -0.9974
vn -0.0256 -0.0745 -0.9969
vn -0.0039 -0.1456 -0.9893
vn -0.0263 -0.1511 -0.9882
vn -0.0038 -0.2444 -0.9697
vn -0.0266 -0.2520 -0.9674
vn -0.0037 -0.3655 -0.9308
vn -0.0266 -0.3738 -0.9271
vn -0.0033 -0.5025 -0.8645
vn -0.0263 -0.5088 -0.8605
vn -0.0030 -0.6421 -0.7666
vn -0.0259 -0.6440 -0.7646
vn -0.0030 -0.7674 -0.6411
vn -0.0259 -0.7647 -0.6439
vn -0.0738 -0.0260 -0.9969
vn -0.0713 -0.0038 -0.9974
vn -0.0764 -0.0773 -0.9941
vn -0.0785 -0.1564 -0.9846
vn -0.0799 -0.2593 -0.9625
vn -0.0805 -0.3812 -0.9210
vn -0.0806 -0.5136 -0.8543
vn -0.0804 -0.6440 -0.7607
vn -0.0806 -0.7603 -0.6446
vn -0.1503 -0.0268 -0.9883
vn -0.1451 -0.0040 -0.9894
vn -0.1554 -0.0796 -0.9846
vn -0.1593 -0.1605 -0.9741
vn -0.1616 -0.2646 -0.9507
vn -0.1623 -0.3855 -0.9083
vn -0.1618 -0.5143 -0.8422
vn -0.1612 -0.6397 -0.7515
vn -0.1615 -0.7512 -0.6401
vn -0.2518 -0.0272 -0.9674
vn -0.2439 -0.0040 -0.9698
vn -0.2592 -0.0810 -0.9624
vn -0.2641 -0.1629 -0.9506
vn -0.2660 -0.2668 -0.9263
vn -0.2648 -0.3851 -0.8841
vn -0.2620 -0.5088 -0.8200
vn -0.2596 -0.6280 -0.7337
vn -0.2596 -0.7337 -0.6280
vn -0.3742 -0.0271 -0.9270
vn -0.3649 -0.0038 -0.9310
vn -0.3821 -0.0814 -0.9205
vn -0.3860 -0.1634 -0.9079
vn -0.3850 -0.2656 -0.8839
vn -0.3793 -0.3795 -0.8439
vn -0.3711 -0.4964 -0.7848
vn -0.3647 -0.6078 -0.7054
vn -0.3645 -0.7057 -0.6075
vn -0.5091 -0.0265 -0.8603
vn -0.5017 -0.0034 -0.8650
vn -0.5145 -0.0811 -0.8536
vn -0.5150 -0.1626 -0.8416
vn -0.5090 -0.2625 -0.8198
vn -0.4963 -0.3712 -0.7848
vn -0.4794 -0.4794 -0.7351
vn -0.4648 -0.5810 -0.6682
vn -0.4647 -0.6685 -0.5806
vn -0.6439 -0.0259 -0.7647
vn -0.6411 -0.0030 -0.7674
vn -0.6446 -0.0806 -0.7603
vn -0.6401 -0.1615 -0.7512
vn -0.6280 -0.2596 -0.7337
vn -0.6075 -0.3645 -0.7057
vn -0.5806 -0.4647 -0.6685
vn -0.5519 -0.5522 -0.6249
vn -0.5522 -0.6249 -0.5519
vn -0.0240 -0.9997 -0.0036
vn -0.0250 -0.9994 -0.0247
vn -0.0036 -0.9997 -0.0238
vn -0.0717 -0.9974 -0.0038
vn -0.0745 -0.9969 -0.0256
vn -0.1456 -0.9893 -0.0039
vn -0.1511 -0.9882 -0.0263
vn -0.2444 -0.9697 -0.0038
vn -0.2520 -0.9674 -0.0266
vn -0.3655 -0.9308 -0.0037
vn -0.3738 -0.9271 -0.0266
vn -0.5025 -0.8645 -0.0033
vn -0.5088 -0.8605 -0.0263
vn -0.6421 -0.7666 -0.0030
vn -0.6440 -0.7646 -0.0259
vn -0.7674 -0.6411 -0.0030
vn -0.7647 -0.6439 -0.0259
vn -0.0260 -0.9969 -0.0738
vn -0.0038 -0.9974 -0.0713
vn -0.0773 -0.9941 -0.0764
vn -0.1564 -0.9846 -0.0785
vn -0.2593 -0.9625 -0.0799
vn -0.3812 -0.9210 -0.0805
vn -0.5136 -0.8543 -0.0806
vn -0.6440 -0.7607 -0.0804
vn -0.7603 -0.6446 -0.0806
vn -0.0268 -0.9883 -0.1503
vn -0.0040 -0.9894 -0.1451
vn -0.0796 -0.9846 -0.1554
vn -0.1605 -0.9741 -0.1593
vn -0.2646 -0.9507 -0.1616
vn -0.3855 -0.9083 -0.1623
vn -0.5143 -0.8422 -0.1618
vn -0.6397 -0.7515 -0.1612
vn -0.7512 -0.6401 -0.1615
vn -0.0272 -0.9674 -0.2518
vn -0.0040 -0.9698 -0.2439
vn -0.0810 -0.9624 -0.2592
vn -0.1629 -0.9506 -0.2641
vn -0.2668 -0.9263 -0.2660
vn -0.3851 -0.8841 -0.2648
vn -0.5088 -0.8200 -0.2620
vn -0.6280 -0.7337 -0.2596
vn -0.7337 -0.6280 -0.2596
vn -0.0271 -0.9270 -0.3742
vn -0.0038 -0.9310 -0.3649
vn -0.0814 -0.9205 -0.3821
vn -0.1634 -0.9079 -0.3860
vn -0.2656 -0.8839 -0.3850
vn -0.3795 -0.8439 -0.3793
vn -0.4964 -0.7848 -0.3711
vn -0.6078 -0.7054 -0.3647
vn -0.7057 -0.6075 -0.3645
vn -0.0265 -0.8603 -0.5091
vn -0.0034 -0.8650 -0.5017
vn -0.0811 -0.8536 -0.5145
vn -0.1626 -0.8416 -0.5150
vn -0.2625 -0.8198 -0.5090
vn -0.3712 -0.7848 -0.4963
vn -0.4794 -0.7351 -0.4794
vn -0.5810 -0.6682 -0.4648
vn -0.6685 -0.5806 -0.4647
vn -0.6249 -0.5519 -0.5522
vn -0.9997 -0.0036 -0.0240
vn -0.9994 -0.0247 -0.0250
vn -0.9997 -0.0238 -0.0036
vn -0.9974 -0.0038 -0.0717
vn -0.9969 -0.0256 -0.0745
vn -0.9893 -0.0039 -0.1456
vn -0.9882 -0.0263 -0.1511
vn -0.9697 -0.0038 -0.2444
vn -0.9674 -0.0266 -0.2520
vn -0.9308 -0.0037 -0.3655
vn -0.9271 -0.0266 -0.3738
vn -0.8645 -0.0033 -0.5025
vn -0.8605 -0.0263 -0.5088
vn -0.7666 -0.0030 -0.6421
vn -0.7646 -0.0259 -0.6440
vn -0.9969 -0.0738 -0.0260
vn -0.9974 -0.0713 -0.0038
vn -0.9941 -0.0764 -0.0773
vn -0.9846 -0.0785 -0.1564
vn -0.9625 -0.0799 -0.2593
vn -0.9210 -0.0805 -0.3812
vn -0.8543 -0.0806 -0.5136
vn -0.7607 -0.0804 -0.6440
vn -0.9883 -0.1503 -0.0268
vn -0.9894 -0.1451 -0.0040
vn -0.9846 -0.1554 -0.0796
vn -0.9741 -0.1593 -0.1605
vn -0.9507 -0.1616 -0.2646
vn -0.9083 -0.1623 -0.3855
vn -0.8422 -0.1618 -0.5143
vn -0.7515 -0.1612 -0.6397
vn -0.9674 -0.2518 -0.0272
vn -0.9698 -0.2439 -0.0040
vn -0.9624 -0.2592 -0.0810
vn -0.9506 -0.2641 -0.1629
vn -0.9263 -0.2660 -0.2668
vn -0.8841 -0.2648 -0.3851
vn -0.8200 -0.2620 -0.5088
vn -0.7337 -0.2596 -0.6280
vn -0.9270 -0.3742 -0.0271
vn -0.9310 -0.3649 -0.0038
vn -0.9205 -0.3821 -0.0814
vn -0.9079 -0.3860 -0.1634
vn -0.8839 -0.3850 -0.2656
vn -0.8439 -0.3793 -0.3795
vn -0.7848 -0.3712 -0.4964
vn -0.7054 -0.3647 -0.6078
vn -0.8603 -0.5091 -0.0265
vn -0.8650 -0.5017 -0.0034
vn -0.8536 -0.5145 -0.0811
vn -0.8416 -0.5150 -0.1626
vn -0.8198 -0.5090 -0.2625
vn -0.7848 -0.4963 -0.3712
vn -0.7351 -0.4794 -0.4794
vn -0.6682 -0.4648 -0.5810
vn 0.0036 0.0240 -0.9997
vn 0.0247 0.0250 -0.9994
vn 0.0238 0.0036 -0.9997
vn 0.0038 0.0717 -0.9974
vn 0.0256 0.0745 -0.9969
vn 0.0039 0.1456 -0.9893
vn 0.0263 0.1511 -0.9882
vn 0.0038 0.2444 -0.9697
vn 0.0266 0.2520 -0.9674
vn 0.0037 0.3655 -0.9308
vn 0.0266 0.3738 -0.9271
vn 0.0033 0.5025 -0.8645
vn 0.0263 0.5088 -0.8605
vn 0.0030 0.6421 -0.7666
vn 0.0259 0.6440 -0.7646
vn 0.0030 0.7674 -0.6411
vn 0.0259 0.7647 -0.6439
vn 0.0738 0.0260 -0.9969
vn 0.0713 0.0038 -0.9974
vn 0.0764 0.0773 -0.9941
vn 0.0785 0.1564 -0.9846
vn 0.0799 0.2593 -0.9625
vn 0.0805 0.3812 -0.9210
vn 0.0806 0.5136 -0.8543
vn 0.0804 0.6440 -0.7607
vn 0.0806 0.7603 -0.6446
vn 0.1503 0.0268 -0.9883
vn 0.1451 0.0040 -0.9894
vn 0.1554 0.0796 -0.9846
vn 0.1593 0.1605 -0.9741
vn 0.1616 0.2646 -0.9507
vn 0.1623 0.3855 -0.9083
vn 0.1618 0.5143 -0.8422
vn 0.1612 0.6397 -0.7515
vn 0.1615 0.7512 -0.6401
vn 0.2518 0.0272 -0.9674
vn 0.2439 0.0040 -0.9698
vn 0.2592 0.0810 -0.9624
vn 0.2641 0.1629 -0.9506
vn 0.2660 0.2668 -0.9263
vn 0.2648 0.3851 -0.8841
vn 0.2620 0.5088 -0.8200
vn 0.2596 0.6280 -0.7337
vn 0.2596 0.7337 -0.6280
vn 0.3742 0.0271 -0.9270
vn 0.3649 0.0038 -0.9310
vn 0.3821 0.0814 -0.9205
vn 0.3860 0.1634 -0.9079
vn 0.3850 0.2656 -0.8839
vn 0.3793 0.3795 -0.8439
vn 0.3711 0.4964 -0.7848
vn 0.3647 0.6078 -0.7054
vn 0.3645 0.7057 -0.6075
vn 0.5091 0.0265 -0.8603
vn 0.5017 0.0034 -0.8650
vn 0.5145 0.0811 -0.8536
vn 0.5150 0.1626 -0.8416
vn 0.5090 0.2625 -0.8198
vn 0.4963 0.3712 -0.7848
vn 0.4794 0.4794 -0.7351
vn 0.4648 0.5810 -0.6682
vn 0.4647 0.6685 -0.5806
vn 0.6439 0.0259 -0.7647
vn 0.6411 0.0030 -0.7674
vn 0.6446 0.0806 -0.7603
vn 0.6401 0.1615 -0.7512
vn 0.6280 0.2596 -0.7337
vn 0.6075 0.3645 -0.7057
vn 0.5806 0.4647 -0.6685
vn 0.5519 0.5522 -0.6249
vn 0.5522 0.6249 -0.5519
vn 0.0240 0.9997 -0.0036
vn 0.0250 0.9994 -0.0247
vn 0.0036 0.9997 -0.0238
vn 0.0717 0.9974 -0.0038
vn 0.0745 0.9969 -0.0256
vn 0.1456 0.9893 -0.0039
vn 0.1511 0.9882 -0.0263
vn 0.2444 0.9697 -0.0038
vn 0.2520 0.9674 -0.0266
vn 0.3655 0.9308 -0.0037
vn 0.3738 0.9271 -0.0266
vn 0.5025 0.8645 -0.0033
vn 0.5088 0.8605 -0.0263
vn 0.6421 0.7666 -0.0030
vn 0.6440 0.7646 -0.0259
vn 0.7674 0.6411 -0.0030
vn 0.7647 0.6439 -0.0259
vn 0.0260 0.9969 -0.0738
vn 0.0038 0.9974 -0.0713
vn 0.0773 0.9941 -0.0764
vn 0.1564 0.9846 -0.0785
vn 0.2593 0.9625 -0.0799
vn 0.3812 0.9210 -0.0805
vn 0.5136 0.8543 -0.0806
vn 0.6440 0.7607 -0.0804
vn 0.7603 0.6446 -0.0806
vn 0.0268 0.9883 -0.1503
vn 0.0040 0.9894 -0.1451
vn 0.0796 0.9846 -0.1554
vn 0.1605 0.9741 -0.1593
vn 0.2646 0.9507 -0.1616
vn 0.3855 0.9083 -0.1623
vn 0.5143 0.8422 -0.1618
vn 0.6397 0.7515 -0.1612
vn 0.7512 0.6401 -0.1615
vn 0.0272 0.9674 -0.2518
vn 0.0040 0.9698 -0.2439
vn 0.0810 0.9624 -0.2592
vn 0.1629 0.9506 -0.2641
vn 0.2668 0.9263 -0.2660
vn 0.3851 0.8841 -0.2648
vn 0.5088 0.8200 -0.2620
vn 0.6280 0.7337 -0.2596
vn 0.7337 0.6280 -0.2596
vn 0.0271 0.9270 -0.3742
vn 0.0038 0.9310 -0.3649
vn 0.0814 0.9205 -0.3821
vn 0.1634 0.9079 -0.3860
vn 0.2656 0.8839 -0.3850
vn 0.3795 0.8439 -0.3793
vn 0.4964 0.7848 -0.3711
vn 0.6078 0.7054 -0.3647
vn 0.7057 0.6075 -0.3645
vn 0.0265 0.8603 -0.5091
vn 0.0034 0.8650 -0.5017
vn 0.0811 0.8536 -0.5145
vn 0.1626 0.8416 -0.5150
vn 0.2625 0.8198 -0.5090
vn 0.3712 0.7848 -0.4963
vn 0.4794 0.7351 -0.4794
vn 0.5810 0.6682 -0.4648
vn 0.6685 0.5806 -0.4647
vn 0.6249 0.5519 -0.5522
vn 1.0000 0.0034 -0.0035
vn 0.9997 0.0036 -0.0240
vn 0.9994 0.0247 -0.0250
vn 0.9997 0.0238 -0.0036
vn 0.9974 0.0038 -0.0717
vn 0.9969 0.0256 -0.0745
vn 0.9893 0.0039 -0.1456
vn 0.9882 0.0263 -0.1511
vn 0.9697 0.0038 -0.2444
vn 0.9674 0.0266 -0.2520
vn 0.9308 0.0037 -0.3655
vn 0.9271 0.0266 -0.3738
vn 0.8645 0.0033 -0.5025
vn 0.8605 0.0263 -0.5088
vn 0.7666 0.0030 -0.6421
vn 0.7646 0.0259 -0.6440
vn 0.9969 0.0738 -0.0260
vn 0.9974 0.0713 -0.0038
vn 0.9941 0.0764 -0.0773
vn 0.9846 0.0785 -0.1564
vn 0.9625 0.0799 -0.2593
vn 0.9210 0.0805 -0.3812
vn 0.8543 0.0806 -0.5136
vn 0.7607 0.0804 -0.6440
vn 0.9883 0.1503 -0.0268
vn 0.9894 0.1451 -0.0040
vn 0.9846 0.1554 -0.0796
vn 0.9741 0.1593 -0.1605
vn 0.9507 0.1616 -0.2646
vn 0.9083 0.1623 -0.3855
vn 0.8422 0.1618 -0.5143
vn 0.7515 0.1612 -0.6397
vn 0.9674 0.2518 -0.0272
vn 0.9698 0.2439 -0.0040
vn 0.9624 0.2592 -0.0810
vn 0.9506 0.2641 -0.1629
vn 0.9263 0.2660 -0.2668
vn 0.8841 0.2648 -0.3851
vn 0.8200 0.2620 -0.5088
vn 0.7337 0.2596 -0.6280
vn 0.9270 0.3742 -0.0271
vn 0.9310 0.3649 -0.0038
vn 0.9205 0.3821 -0.0814
vn 0.9079 0.3860 -0.1634
vn 0.8839 0.3850 -0.2656
vn 0.8439 0.3793 -0.3795
vn 0.7848 0.3711 -0.4964
vn 0.7054 0.3647 -0.6078
vn 0.8603 0.5091 -0.0265
vn 0.8650 0.5017 -0.0034
vn 0.8536 0.5145 -0.0811
vn 0.8416 0.5150 -0.1626
vn 0.8198 0.5090 -0.2625
vn 0.7848 0.4963 -0.3712
vn 0.7351 0.4794 -0.4794
vn 0.6682 0.4648 -0.5810
vn 0.0240 0.0036 0.9997
vn 0.0250 0.0247 0.9994
vn 0.0036 0.0238 0.9997
vn 0.0717 0.0038 0.9974
vn 0.0745 0.0256 0.9969
vn 0.1456 0.0039 0.9893
vn 0.1511 0.0263 0.9882
vn 0.2444 0.0038 0.9697
vn 0.2520 0.0266 0.9674
vn 0.3655 0.0037 0.9308
vn 0.3738 0.0266 0.9271
vn 0.5025 0.0033 0.8645
vn 0.5088 0.0263 0.8605
vn 0.6421 0.0030 0.7666
vn 0.6440 0.0259 0.7646
vn 0.7674 0.0030 0.6411
vn 0.7647 0.0259 0.6439
vn 0.0260 0.0738 0.9969
vn 0.0038 0.0713 0.9974
vn 0.0773 0.0764 0.9941
vn 0.1564 0.0785 0.9846
vn 0.2593 0.0799 0.9625
vn 0.3812 0.0805 0.9210
vn 0.5136 0.0806 0.8543
vn 0.6440 0.0804 0.7607
vn 0.7603 0.0806 0.6446
vn 0.0268 0.1503 0.9883
vn 0.0040 0.1451 0.9894
vn 0.0796 0.1554 0.9846
vn 0.1605 0.1593 0.9741
vn 0.2646 0.1616 0.9507
vn 0.3855 0.1623 0.9083
vn 0.5143 0.1618 0.8422
vn 0.6397 0.1612 0.7515
vn 0.7512 0.1615 0.6400
vn 0.0272 0.2518 0.9674
vn 0.0040 0.2439 0.9698
vn 0.0810 0.2592 0.9624
vn 0.1629 0.2641 0.9506
vn 0.2668 0.2660 0.9263
vn 0.3851 0.2648 0.8841
vn 0.5088 0.2620 0.8200
vn 0.6280 0.2596 0.7337
vn 0.7337 0.2596 0.6280
vn 0.0271 0.3742 0.9270
vn 0.0038 0.3649 0.9310
vn 0.0814 0.3821 0.9205
vn 0.1634 0.3860 0.9079
vn 0.2656 0.3850 0.8839
vn 0.3795 0.3793 0.8439
vn 0.4964 0.3711 0.7848
vn 0.6078 0.3647 0.7054
vn 0.7057 0.3645 0.6075
vn 0.0265 0.5091 0.8603
vn 0.0034 0.5017 0.8650
vn 0.0811 0.5145 0.8536
vn 0.1626 0.5150 0.8416
vn 0.2625 0.5090 0.8198
vn 0.3712 0.4963 0.7848
vn 0.4794 0.4794 0.7351
vn 0.5810 0.4648 0.6682
vn 0.6685 0.4647 0.5806
vn 0.0259 0.6439 0.7647
vn 0.0030 0.6411 0.7674
vn 0.0806 0.6446 0.7603
vn 0.1615 0.6401 0.7512
vn 0.2596 0.6280 0.7337
vn 0.3645 0.6075 0.7057
vn 0.4647 0.5806 0.6685
vn 0.5522 0.5519 0.6249
vn 0.6249 0.5522 0.5519
vn 1.0000 0.0035 0.0034
vn 0.9997 0.0240 0.0036
vn 0.9994 0.0250 0.0247
vn 0.9997 0.0036 0.0238
vn 0.9974 0.0717 0.0038
vn 0.9969 0.0745 0.0256
vn 0.9893 0.1456 0.0039
vn 0.9882 0.1511 0.0263
vn 0.9697 0.2444 0.0038
vn 0.9674 0.2520 0.0266
vn 0.9308 0.3655 0.0037
vn 0.9271 0.3738 0.0266
vn 0.8645 0.5025 0.0033
vn 0.8605 0.5088 0.0263
vn 0.7666 0.6421 0.0030
vn 0.7646 0.6440 0.0259
vn 0.6411 0.7674 0.0030
vn 0.6439 0.7647 0.0259
vn 0.9969 0.0260 0.0738
vn 0.9974 0.0038 0.0713
vn 0.9941 0.0773 0.0764
vn 0.9846 0.1564 0.0785
vn 0.9625 0.2593 0.0799
vn 0.9210 0.3812 0.0805
vn 0.8543 0.5136 0.0806
vn 0.7607 0.6440 0.0804
vn 0.6446 0.7603 0.0806
vn 0.9883 0.0268 0.1503
vn 0.9894 0.0040 0.1451
vn 0.9846 0.0796 0.1554
vn 0.9741 0.1605 0.1593
vn 0.9507 0.2646 0.1616
vn 0.9083 0.3855 0.1623
vn 0.8422 0.5143 0.1618
vn 0.7515 0.6397 0.1612
vn 0.6401 0.7512 0.1615
vn 0.9674 0.0272 0.2518
vn 0.9698 0.0040 0.2439
vn 0.9624 0.0810 0.2592
vn 0.9506 0.1629 0.2641
vn 0.9263 0.2668 0.2660
vn 0.8841 0.3851 0.2648
vn 0.8200 0.5088 0.2620
vn 0.7337 0.6280 0.2596
vn 0.6280 0.7337 0.2596
vn 0.9270 0.0271 0.3742
vn 0.9310 0.0038 0.3649
vn 0.9205 0.0814 0.3821
vn 0.9079 0.1634 0.3860
vn 0.8839 0.2656 0.3850
vn 0.8439 0.3795 0.3793
vn 0.7848 0.4964 0.3712
vn 0.7054 0.6078 0.3647
vn 0.6075 0.7057 0.3645
vn 0.8603 0.0265 0.5091
vn 0.8650 0.0034 0.5017
vn 0.8536 0.0811 0.5145
vn 0.8416 0.1626 0.5150
vn 0.8198 0.2625 0.5090
vn 0.7848 0.3712 0.4963
vn 0.7351 0.4794 0.4794
vn 0.6682 0.5810 0.4648
vn 0.5806 0.6685 0.4647
vn 0.5519 0.6249 0.5522
vn 0.0036 0.9997 0.0240
vn 0.0247 0.9994 0.0250
vn 0.0238 0.9997 0.0036
vn 0.0038 0.9974 0.0717
vn 0.0256 0.9969 0.0745
vn 0.0039 0.9893 0.1456
vn 0.0263 0.9882 0.1511
vn 0.0038 0.9697 0.2444
vn 0.0266 0.9674 0.2520
vn 0.0037 0.9308 0.3655
vn 0.0266 0.9271 0.3738
vn 0.0033 0.8645 0.5025
vn 0.0263 0.8605 0.5088
vn 0.0030 0.7666 0.6421
vn 0.0259 0.7646 0.6440
vn 0.0738 0.9969 0.0260
vn 0.0713 0.9974 0.0038
vn 0.0764 0.9941 0.0773
vn 0.0785 0.9846 0.1564
vn 0.0799 0.9625 0.2593
vn 0.0805 0.9210 0.3812
vn 0.0806 0.8543 0.5136
vn 0.0804 0.7607 0.6440
vn 0.1503 0.9883 0.0268
vn 0.1451 0.9894 0.0040
vn 0.1554 0.9846 0.0796
vn 0.1593 0.9741 0.1605
vn 0.1616 0.9507 0.2646
vn 0.1623 0.9083 0.3855
vn 0.1618 0.8422 0.5143
vn 0.1612 0.7515 0.6397
vn 0.2518 0.9674 0.0272
vn 0.2439 0.9698 0.0040
vn 0.2592 0.9624 0.0810
vn 0.2641 0.9506 0.1629
vn 0.2660 0.9263 0.2668
vn 0.2648 0.8841 0.3851
vn 0.2620 0.8200 0.5088
vn 0.2596 0.7337 0.6280
vn 0.3742 0.9270 0.0271
vn 0.3649 0.9310 0.0038
vn 0.3821 0.9205 0.0814
vn 0.3860 0.9079 0.1634
vn 0.3850 0.8839 0.2656
vn 0.3793 0.8439 0.3795
vn 0.3711 0.7848 0.4964
vn 0.3647 0.7054 0.6078
vn 0.5091 0.8603 0.0265
vn 0.5017 0.8650 0.0034
vn 0.5145 0.8536 0.0811
vn 0.5150 0.8416 0.1626
vn 0.5090 0.8198 0.2625
vn 0.4963 0.7848 0.3712
vn 0.4794 0.7351 0.4794
vn 0.4648 0.6682 0.5810
vn -0.9997 0.0036 0.0240
vn -0.9994 0.0247 0.0250
vn -0.9997 0.0238 0.0036
vn -0.9974 0.0038 0.0717
vn -0.9969 0.0256 0.0745
vn -0.9893 0.0039 0.1456
vn -0.9882 0.0263 0.1511
vn -0.9697 0.0038 0.2444
vn -0.9674 0.0266 0.2520
vn -0.9308 0.0037 0.3655
vn -0.9271 0.0266 0.3738
vn -0.8645 0.0033 0.5025
vn -0.8605 0.0263 0.5088
vn -0.7666 0.0030 0.6421
vn -0.7646 0.0259 0.6440
vn -0.6411 0.0030 0.7674
vn -0.6439 0.0259 0.7647
vn -0.9969 0.0738 0.0260
vn -0.9974 0.0713 0.0038
vn -0.9941 0.0764 0.0773
vn -0.9846 0.0785 0.1564
vn -0.9625 0.0799 0.2593
vn -0.9210 0.0805 0.3812
vn -0.8543 0.0806 0.5136
vn -0.7607 0.0804 0.6440
vn -0.6446 0.0806 0.7603
vn -0.9883 0.1503 0.0268
vn -0.9894 0.1451 0.0040
vn -0.9846 0.1554 0.0796
vn -0.9741 0.1593 0.1605
vn -0.9507 0.1616 0.2646
vn -0.9083 0.1623 0.3855
vn -0.8422 0.1618 0.5143
vn -0.7515 0.1612 0.6397
vn -0.6401 0.1615 0.7512
vn -0.9674 0.2518 0.0272
vn -0.9698 0.2439 0.0040
vn -0.9624 0.2592 0.0810
vn -0.9506 0.2641 0.1629
vn -0.9263 0.2660 0.2668
vn -0.8841 0.2648 0.3851
vn -0.8200 0.2620 0.5088
vn -0.7337 0.2596 0.6280
vn -0.6280 0.2596 0.7337
vn -0.9270 0.3742 0.0271
vn -0.9310 0.3649 0.0038
vn -0.9205 0.3821 0.0814
vn -0.9079 0.3860 0.1634
vn -0.8839 0.3850 0.2656
vn -0.8439 0.3793 0.3795
vn -0.7848 0.3711 0.4964
vn -0.7054 0.3647 0.6078
vn -0.6075 0.3645 0.7057
vn -0.8603 0.5091 0.0265
vn -0.8650 0.5017 0.0034
vn -0.8536 0.5145 0.0811
vn -0.8416 0.5150 0.1626
vn -0.8198 0.5090 0.2625
vn -0.7848 0.4963 0.3712
vn -0.7351 0.4794 0.4794
vn -0.6682 0.4648 0.5810
vn -0.5806 0.4647 0.6685
vn -0.7647 0.6439 0.0259
vn -0.7674 0.6411 0.0030
vn -0.7603 0.6446 0.0806
vn -0.7512 0.6400 0.1615
vn -0.7337 0.6280 0.2596
vn -0.7057 0.6075 0.3645
vn -0.6685 0.5806 0.4647
vn -0.6249 0.5519 0.5522
vn -0.5519 0.5522 0.6249
vn -0.0036 0.0240 0.9997
vn -0.0247 0.0250 0.9994
vn -0.0238 0.0036 0.9997
vn -0.0038 0.0717 0.9974
vn -0.0256 0.0745 0.9969
vn -0.0039 0.1456 0.9893
vn -0.0263 0.1511 0.9882
vn -0.0038 0.2444 0.9697
vn -0.0266 0.2520 0.9674
vn -0.0037 0.3655 0.9308
vn -0.0266 0.3738 0.9271
vn -0.0033 0.5025 0.8645
vn -0.0263 0.5088 0.8605
vn -0.0030 0.6421 0.7666
vn -0.0259 0.6440 0.7646
vn -0.0030 0.7674 0.6411
vn -0.0259 0.7647 0.6439
vn -0.0738 0.0260 0.9969
vn -0.0713 0.0038 0.9974
vn -0.0764 0.0773 0.9941
vn -0.0785 0.1564 0.9846
vn -0.0799 0.2593 0.9625
vn -0.0805 0.3812 0.9210
vn -0.0806 0.5136 0.8543
vn -0.0804 0.6440 0.7607
vn -0.0806 0.7603 0.6446
vn -0.1503 0.0268 0.9883
vn -0.1451 0.0040 0.9894
vn -0.1554 0.0796 0.9846
vn -0.1593 0.1605 0.9741
vn -0.1616 0.2646 0.9507
vn -0.1623 0.3855 0.9083
vn -0.1618 0.5143 0.8422
vn -0.1612 0.6397 0.7515
vn -0.1615 0.7512 0.6401
vn -0.2518 0.0272 0.9674
vn -0.2439 0.0040 0.9698
vn -0.2592 0.0810 0.9624
vn -0.2641 0.1629 0.9506
vn -0.2660 0.2668 0.9263
vn -0.2648 0.3851 0.8841
vn -0.2620 0.5088 0.8200
vn -0.2596 0.6280 0.7337
vn -0.2596 0.7337 0.6280
vn -0.3742 0.0271 0.9270
vn -0.3649 0.0038 0.9310
vn -0.3821 0.0815 0.9205
vn -0.3860 0.1634 0.9079
vn -0.3850 0.2656 0.8839
vn -0.3793 0.3795 0.8439
vn -0.3711 0.4964 0.7848
vn -0.3647 0.6078 0.7054
vn -0.3645 0.7057 0.6075
vn -0.5091 0.0265 0.8603
vn -0.5017 0.0034 0.8650
vn -0.5145 0.0811 0.8536
vn -0.5150 0.1626 0.8416
vn -0.5090 0.2625 0.8198
vn -0.4963 0.3712 0.7848
vn -0.4794 0.4794 0.7351
vn -0.4648 0.5810 0.6682
vn -0.4647 0.6685 0.5806
vn -0.5522 0.6249 0.5519
vn -0.0240 0.9997 0.0036
vn -0.0250 0.9994 0.0247
vn -0.0036 0.9997 0.0238
vn -0.0717 0.9974 0.0038
vn -0.0745 0.9969 0.0256
vn -0.1456 0.9893 0.0039
vn -0.1511 0.9882 0.0263
vn -0.2444 0.9697 0.0038
vn -0.2520 0.9674 0.0266
vn -0.3655 0.9308 0.0037
vn -0.3738 0.9271 0.0266
vn -0.5025 0.8645 0.0033
vn -0.5088 0.8605 0.0263
vn -0.6421 0.7666 0.0030
vn -0.6440 0.7646 0.0259
vn -0.0260 0.9969 0.0738
vn -0.0038 0.9974 0.0713
vn -0.0773 0.9941 0.0764
vn -0.1564 0.9846 0.0785
vn -0.2593 0.9625 0.0799
vn -0.3812 0.9210 0.0805
vn -0.5136 0.8543 0.0806
vn -0.6440 0.7607 0.0804
vn -0.0268 0.9883 0.1503
vn -0.0040 0.9894 0.1451
vn -0.0796 0.9846 0.1554
vn -0.1605 0.9741 0.1593
vn -0.2646 0.9507 0.1616
vn -0.3855 0.9083 0.1623
vn -0.5143 0.8422 0.1618
vn -0.6397 0.7515 0.1612
vn -0.0272 0.9674 0.2518
vn -0.0040 0.9698 0.2439
vn -0.0810 0.9624 0.2592
vn -0.1629 0.9506 0.2641
vn -0.2668 0.9263 0.2660
vn -0.3851 0.8841 0.2648
vn -0.5088 0.8200 0.2620
vn -0.6280 0.7337 0.2596
vn -0.0271 0.9270 0.3742
vn -0.0038 0.9310 0.3649
vn -0.0814 0.9205 0.3821
vn -0.1634 0.9079 0.3860
vn -0.2656 0.8839 0.3850
vn -0.3795 0.8439 0.3793
vn -0.4964 0.7848 0.3711
vn -0.6078 0.7054 0.3647
vn -0.0265 0.8603 0.5091
vn -0.0034 0.8650 0.5017
vn -0.0811 0.8536 0.5145
vn -0.1626 0.8416 0.5150
vn -0.2625 0.8198 0.5090
vn -0.3712 0.7848 0.4963
vn -0.4794 0.7351 0.4794
vn -0.5810 0.6682 0.4648
vn -0.9997 0.0240 -0.0036
vn -0.9994 0.0250 -0.0247
vn -0.9997 0.0036 -0.0238
vn -0.9974 0.0717 -0.0038
vn -0.9969 0.0745 -0.0256
vn -0.9893 0.1456 -0.0039
vn -0.9882 0.1511 -0.0263
vn -0.9697 0.2444 -0.0038
vn -0.9674 0.2520 -0.0266
vn -0.9308 0.3655 -0.0037
vn -0.9271 0.3738 -0.0266
vn -0.8645 0.5025 -0.0033
vn -0.8605 0.5088 -0.0263
vn -0.7666 0.6421 -0.0030
vn -0.7646 0.6440 -0.0259
vn -0.6411 0.7674 -0.0030
vn -0.6439 0.7647 -0.0259
vn -0.9969 0.0260 -0.0738
vn -0.9974 0.0038 -0.0713
vn -0.9941 0.0773 -0.0764
vn -0.9846 0.1564 -0.0785
vn -0.9625 0.2593 -0.0799
vn -0.9210 0.3812 -0.0805
vn -0.8543 0.5136 -0.0806
vn -0.7607 0.6440 -0.0804
vn -0.6446 0.7603 -0.0806
vn -0.9883 0.0268 -0.1503
vn -0.9894 0.0040 -0.1452
vn -0.9846 0.0796 -0.1554
vn -0.9741 0.1605 -0.1593
vn -0.9507 0.2646 -0.1616
vn -0.9083 0.3855 -0.1623
vn -0.8422 0.5143 -0.1618
vn -0.7515 0.6397 -0.1612
vn -0.6401 0.7512 -0.1615
vn -0.9674 0.0272 -0.2518
vn -0.9698 0.0040 -0.2439
vn -0.9624 0.0810 -0.2592
vn -0.9506 0.1629 -0.2641
vn -0.9263 0.2668 -0.2660
vn -0.8841 0.3851 -0.2648
vn -0.8200 0.5088 -0.2620
vn -0.7337 0.6280 -0.2596
vn -0.6280 0.7337 -0.2596
vn -0.9270 0.0271 -0.3742
vn -0.9310 0.0038 -0.3649
vn -0.9205 0.0814 -0.3820
vn -0.9079 0.1634 -0.3860
vn -0.8839 0.2656 -0.3850
vn -0.8439 0.3795 -0.3793
vn -0.7848 0.4964 -0.3711
vn -0.7054 0.6078 -0.3647
vn -0.6075 0.7057 -0.3645
vn -0.8603 0.0265 -0.5091
vn -0.8650 0.0034 -0.5017
vn -0.8536 0.0811 -0.5145
vn -0.8416 0.1626 -0.5150
vn -0.8198 0.2625 -0.5090
vn -0.7848 0.3712 -0.4963
vn -0.7351 0.4794 -0.4794
vn -0.6682 0.5810 -0.4648
vn -0.5806 0.6685 -0.4647
vn -0.7647 0.0259 -0.6439
vn -0.7674 0.0030 -0.6411
vn -0.7603 0.0806 -0.6446
vn -0.7512 0.1615 -0.6401
vn -0.7337 0.2596 -0.6280
vn -0.7057 0.3645 -0.6075
vn -0.6685 0.4647 -0.5806
vn -0.6249 0.5522 -0.5519
vn -0.5519 0.6249 -0.5522
vn -0.0036 0.9997 -0.0240
vn -0.0247 0.9994 -0.0250
vn -0.0238 0.9997 -0.0036
vn -0.0038 0.9974 -0.0717
vn -0.0256 0.9969 -0.0745
vn -0.0039 0.9893 -0.1456
vn -0.0263 0.9882 -0.1511
vn -0.0038 0.9697 -0.2444
vn -0.0266 0.9674 -0.2520
vn -0.0037 0.9308 -0.3655
vn -0.0266 0.9271 -0.3738
vn -0.0033 0.8645 -0.5025
vn -0.0263 0.8605 -0.5088
vn -0.0030 0.7666 -0.6421
vn -0.0259 0.7646 -0.6440
vn -0.0030 0.6411 -0.7674
vn -0.0259 0.6439 -0.7647
vn -0.0738 0.9969 -0.0260
vn -0.0713 0.9974 -0.0038
vn -0.0764 0.9941 -0.0773
vn -0.0785 0.9846 -0.1564
vn -0.0799 0.9625 -0.2593
vn -0.0805 0.9210 -0.3812
vn -0.0806 0.8543 -0.5136
vn -0.0804 0.7607 -0.6440
vn -0.0806 0.6446 -0.7603
vn -0.1503 0.9883 -0.0268
vn -0.1452 0.9894 -0.0040
vn -0.1554 0.9846 -0.0796
vn -0.1593 0.9741 -0.1605
vn -0.1616 0.9507 -0.2646
vn -0.1623 0.9083 -0.3855
vn -0.1618 0.8422 -0.5143
vn -0.1612 0.7515 -0.6397
vn -0.1615 0.6401 -0.7512
vn -0.2518 0.9674 -0.0272
vn -0.2439 0.9698 -0.0040
vn -0.2592 0.9624 -0.0810
vn -0.2641 0.9506 -0.1629
vn -0.2660 0.9263 -0.2668
vn -0.2648 0.8841 -0.3851
vn -0.2620 0.8200 -0.5088
vn -0.2596 0.7337 -0.6280
vn -0.2596 0.6280 -0.7337
vn -0.3742 0.9270 -0.0271
vn -0.3649 0.9310 -0.0038
vn -0.3821 0.9205 -0.0814
vn -0.3860 0.9079 -0.1634
vn -0.3850 0.8839 -0.2656
vn -0.3793 0.8439 -0.3795
vn -0.3711 0.7848 -0.4964
vn -0.3647 0.7054 -0.6078
vn -0.3645 0.6075 -0.7057
vn -0.5091 0.8603 -0.0265
vn -0.5017 0.8650 -0.0034
vn -0.5145 0.8536 -0.0811
vn -0.5150 0.8416 -0.1626
vn -0.5090 0.8198 -0.2625
vn -0.4963 0.7848 -0.3712
vn -0.4794 0.7351 -0.4794
vn -0.4648 0.6682 -0.5810
vn -0.4647 0.5806 -0.6685
vn -0.5522 0.5519 -0.6249
vn -0.0240 0.0036 -0.9997
vn -0.0250 0.0247 -0.9994
vn -0.0036 0.0238 -0.9997
vn -0.0717 0.0038 -0.9974
vn -0.0745 0.0256 -0.9969
vn -0.1456 0.0039 -0.9893
vn -0.1511 0.0263 -0.9882
vn -0.2444 0.0038 -0.9697
vn -0.2520 0.0266 -0.9674
vn -0.3655 0.0037 -0.9308
vn -0.3738 0.0266 -0.9271
vn -0.5025 0.0033 -0.8646
vn -0.5088 0.0263 -0.8605
vn -0.6421 0.0030 -0.7666
vn -0.6440 0.0259 -0.7646
vn -0.0260 0.0738 -0.9969
vn -0.0038 0.0713 -0.9974
vn -0.0773 0.0764 -0.9941
vn -0.1564 0.0785 -0.9846
vn -0.2593 0.0799 -0.9625
vn -0.3812 0.0805 -0.9210
vn -0.5136 0.0806 -0.8543
vn -0.6440 0.0804 -0.7607
vn -0.0268 0.1503 -0.9883
vn -0.0040 0.1451 -0.9894
vn -0.0796 0.1554 -0.9846
vn -0.1605 0.1593 -0.9741
vn -0.2646 0.1616 -0.9507
vn -0.3855 0.1623 -0.9083
vn -0.5143 0.1618 -0.8422
vn -0.6397 0.1612 -0.7515
vn -0.0272 0.2518 -0.9674
vn -0.0040 0.2439 -0.9698
vn -0.0810 0.2592 -0.9624
vn -0.1629 0.2641 -0.9506
vn -0.2668 0.2660 -0.9263
vn -0.3851 0.2648 -0.8841
vn -0.5088 0.2620 -0.8200
vn -0.6280 0.2596 -0.7337
vn -0.0271 0.3742 -0.9270
vn -0.0038 0.3649 -0.9310
vn -0.0814 0.3821 -0.9205
vn -0.1634 0.3860 -0.9079
vn -0.2656 0.3850 -0.8839
vn -0.3795 0.3793 -0.8439
vn -0.4964 0.3711 -0.7848
vn -0.6078 0.3647 -0.7054
vn -0.0265 0.5091 -0.8603
vn -0.0034 0.5017 -0.8650
vn -0.0811 0.5145 -0.8536
vn -0.1626 0.5150 -0.8416
vn -0.2625 0.5090 -0.8198
vn -0.3712 0.4963 -0.7848
vn -0.4794 0.4794 -0.7351
vn -0.5810 0.4648 -0.6682
vt 0.000000 1.000000
vt 1.000000 1.000000
vt 1.000000 0.000000
vt 0.000000 0.000000
vt 0.000000 1.000000
s 1
f 769/1/1 3/1/2 577/1/3 1347/1/4
f 2/1/5 195/1/6 387/1/7 578/1/8
f 386/1/9 1153/1/10 1345/1/11 579/1/12
f 770/1/13 1346/1/14 1155/1/15 963/1/16
f 194/2/17 961/3/18 1154/4/19 385/5/20
f 1/1/21 4/1/22 12/1/23 11/1/24
f 4/1/22 5/1/25 13/1/26 12/1/23
f 5/1/25 6/1/27 14/1/28 13/1/26
f 6/1/27 7/1/29 15/1/30 14/1/28
f 7/1/29 8/1/31 16/1/32 15/1/30
f 8/1/31 9/1/33 17/1/34 16/1/32
f 9/1/33 10/1/35 18/1/36 17/1/34
f 10/1/35 122/1/37 123/1/38 18/1/36
f 11/1/24 12/1/23 20/1/39 19/1/40
f 12/1/23 13/1/26 21/1/41 20/1/39
f 13/1/26 14/1/28 22/1/42 21/1/41
f 14/1/28 15/1/30 23/1/43 22/1/42
f 15/1/30 16/1/32 24/1/44 23/1/43
f 16/1/32 17/1/34 25/1/45 24/1/44
f 17/1/34 18/1/36 26/1/46 25/1/45
f 18/1/36 123/1/38 124/1/47 26/1/46
f 19/1/40 20/1/39 28/1/48 27/1/49
f 20/1/39 21/1/41 29/1/50 28/1/48
f 21/1/41 22/1/42 30/1/51 29/1/50
f 22/1/42 23/1/43 31/1/52 30/1/51
f 23/1/43 24/1/44 32/1/53 31/1/52
f 24/1/44 25/1/45 33/1/54 32/1/53
f 25/1/45 26/1/46 34/1/55 33/1/54
f 26/1/46 124/1/47 125/1/56 34/1/55
f 27/1/49 28/1/48 36/1/57 35/1/58
f 28/1/48 29/1/50 37/1/59 36/1/57
f 29/1/50 30/1/51 38/1/60 37/1/59
f 30/1/51 31/1/52 39/1/61 38/1/60
f 31/1/52 32/1/53 40/1/62 39/1/61
f 32/1/53 33/1/54 41/1/63 40/1/62
f 33/1/54 34/1/55 42/1/64 41/1/63
f 34/1/55 125/1/56 126/1/65 42/1/64
f 35/1/58 36/1/57 44/1/66 43/1/67
f 36/1/57 37/1/59 45/1/68 44/1/66
f 37/1/59 38/1/60 46/1/69 45/1/68
f 38/1/60 39/1/61 47/1/70 46/1/69
f 39/1/61 40/1/62 48/1/71 47/1/70
f 40/1/62 41/1/63 49/1/72 48/1/71
f 41/1/63 42/1/64 50/1/73 49/1/72
f 42/1/64 126/1/65 127/1/74 50/1/73
f 43/1/67 44/1/66 52/1/75 51/1/76
f 44/1/66 45/1/68 53/1/77 52/1/75
f 45/1/68 46/1/69 54/1/78 53/1/77
f 46/1/69 47/1/70 55/1/79 54/1/78
f 47/1/70 48/1/71 56/1/80 55/1/79
f 48/1/71 49/1/72 57/1/81 56/1/80
f 49/1/72 50/1/73 58/1/82 57/1/81
f 50/1/73 127/1/74 128/1/83 58/1/82
f 51/1/76 52/1/75 60/1/84 59/1/85
f 52/1/75 53/1/77 61/1/86 60/1/84
f 53/1/77 54/1/78 62/1/87 61/1/86
f 54/1/78 55/1/79 63/1/88 62/1/87
f 55/1/79 56/1/80 64/1/89 63/1/88
f 56/1/80 57/1/81 65/1/90 64/1/89
f 57/1/81 58/1/82 66/1/91 65/1/90
f 58/1/82 128/1/83 129/1/92 66/1/91
f 2/1/5 67/1/93 75/1/94 74/1/95
f 67/1/93 68/1/96 76/1/97 75/1/94
f 68/1/96 69/1/98 77/1/99 76/1/97
f 69/1/98 70/1/100 78/1/101 77/1/99
f 70/1/100 71/1/102 79/1/103 78/1/101
f 71/1/102 72/1/104 80/1/105 79/1/103
f 72/1/104 73/1/106 81/1/107 80/1/105
f 73/1/106 185/1/108 186/1/109 81/1/107
f 74/1/95 75/1/94 83/1/110 82/1/111
f 75/1/94 76/1/97 84/1/112 83/1/110
f 76/1/97 77/1/99 85/1/113 84/1/112
f 77/1/99 78/1/101 86/1/114 85/1/113
f 78/1/101 79/1/103 87/1/115 86/1/114
f 79/1/103 80/1/105 88/1/116 87/1/115
f 80/1/105 81/1/107 89/1/117 88/1/116
f 81/1/107 186/1/109 187/1/118 89/1/117
f 82/1/111 83/1/110 91/1/119 90/1/120
f 83/1/110 84/1/112 92/1/121 91/1/119
f 84/1/112 85/1/113 93/1/122 92/1/121
f 85/1/113 86/1/114 94/1/123 93/1/122
f 86/1/114 87/1/115 95/1/124 94/1/123
f 87/1/115 88/1/116 96/1/125 95/1/124
f 88/1/116 89/1/117 97/1/126 96/1/125
f 89/1/117 187/1/118 188/1/127 97/1/126
f 90/1/120 91/1/119 99/1/128 98/1/129
f 91/1/119 92/1/121 100/1/130 99/1/128
f 92/1/121 93/1/122 101/1/131 100/1/130
f 93/1/122 94/1/123 102/1/132 101/1/131
f 94/1/123 95/1/124 103/1/133 102/1/132
f 95/1/124 96/1/125 104/1/134 103/1/133
f 96/1/125 97/1/126 105/1/135 104/1/134
f 97/1/126 188/1/127 189/1/136 105/1/135
f 98/1/129 99/1/128 107/1/137 106/1/138
f 99/1/128 100/1/130 108/1/139 107/1/137
f 100/1/130 101/1/131 109/1/140 108/1/139
f 101/1/131 102/1/132 110/1/141 109/1/140
f 102/1/132 103/1/133 111/1/142 110/1/141
f 103/1/133 104/1/134 112/1/143 111/1/142
f 104/1/134 105/1/135 113/1/144 112/1/143
f 105/1/135 189/1/136 190/1/145 113/1/144
f 106/1/138 107/1/137 115/1/146 114/1/147
f 107/1/137 108/1/139 116/1/148 115/1/146
f 108/1/139 109/1/140 117/1/149 116/1/148
f 109/1/140 110/1/141 118/1/150 117/1/149
f 110/1/141 111/1/142 119/1/151 118/1/150
f 111/1/142 112/1/143 120/1/152 119/1/151
f 112/1/143 113/1/144 121/1/153 120/1/152
f 113/1/144 190/1/145 191/1/154 121/1/153
f 114/1/147 115/1/146 123/1/38 122/1/37
f 115/1/146 116/1/148 124/1/47 123/1/38
f 116/1/148 117/1/149 125/1/56 124/1/47
f 117/1/149 118/1/150 126/1/65 125/1/56
f 118/1/150 119/1/151 127/1/74 126/1/65
f 119/1/151 120/1/152 128/1/83 127/1/74
f 120/1/152 121/1/153 129/1/92 128/1/83
f 121/1/153 191/1/154 192/1/155 129/1/92
f 3/1/2 130/1/156 138/1/157 137/1/158
f 130/1/156 131/1/159 139/1/160 138/1/157
f 131/1/159 132/1/161 140/1/162 139/1/160
f 132/1/161 133/1/163 141/1/164 140/1/162
f 133/1/163 134/1/165 142/1/166 141/1/164
f 134/1/165 135/1/167 143/1/168 142/1/166
f 135/1/167 136/1/169 144/1/170 143/1/168
f 136/1/169 59/1/85 60/1/84 144/1/170
f 137/1/158 138/1/157 146/1/171 145/1/172
f 138/1/157 139/1/160 147/1/173 146/1/171
f 139/1/160 140/1/162 148/1/174 147/1/173
f 140/1/162 141/1/164 149/1/175 148/1/174
f 141/1/164 142/1/166 150/1/176 149/1/175
f 142/1/166 143/1/168 151/1/177 150/1/176
f 143/1/168 144/1/170 152/1/178 151/1/177
f 144/1/170 60/1/84 61/1/86 152/1/178
f 145/1/172 146/1/171 154/1/179 153/1/180
f 146/1/171 147/1/173 155/1/181 154/1/179
f 147/1/173 148/1/174 156/1/182 155/1/181
f 148/1/174 149/1/175 157/1/183 156/1/182
f 149/1/175 150/1/176 158/1/184 157/1/183
f 150/1/176 151/1/177 159/1/185 158/1/184
f 151/1/177 152/1/178 160/1/186 159/1/185
f 152/1/178 61/1/86 62/1/87 160/1/186
f 153/1/180 154/1/179 162/1/187 161/1/188
f 154/1/179 155/1/181 163/1/189 162/1/187
f 155/1/181 156/1/182 164/1/190 163/1/189
f 156/1/182 157/1/183 165/1/191 164/1/190
f 157/1/183 158/1/184 166/1/192 165/1/191
f 158/1/184 159/1/185 167/1/193 166/1/192
f 159/1/185 160/1/186 168/1/194 167/1/193
f 160/1/186 62/1/87 63/1/88 168/1/194
f 161/1/188 162/1/187 170/1/195 169/1/196
f 162/1/187 163/1/189 171/1/197 170/1/195
f 163/1/189 164/1/190 172/1/198 171/1/197
f 164/1/190 165/1/191 173/1/199 172/1/198
f 165/1/191 166/1/192 174/1/200 173/1/199
f 166/1/192 167/1/193 175/1/201 174/1/200
f 167/1/193 168/1/194 176/1/202 175/1/201
f 168/1/194 63/1/88 64/1/89 176/1/202
f 169/1/196 170/1/195 178/1/203 177/1/204
f 170/1/195 171/1/197 179/1/205 178/1/203
f 171/1/197 172/1/198 180/1/206 179/1/205
f 172/1/198 173/1/199 181/1/207 180/1/206
f 173/1/199 174/1/200 182/1/208 181/1/207
f 174/1/200 175/1/201 183/1/209 182/1/208
f 175/1/201 176/1/202 184/1/210 183/1/209
f 176/1/202 64/1/89 65/1/90 184/1/210
f 177/1/204 178/1/203 186/1/109 185/1/108
f 178/1/203 179/1/205 187/1/118 186/1/109
f 179/1/205 180/1/206 188/1/127 187/1/118
f 180/1/206 181/1/207 189/1/136 188/1/127
f 181/1/207 182/1/208 190/1/145 189/1/136
f 182/1/208 183/1/209 191/1/154 190/1/145
f 183/1/209 184/1/210 192/1/155 191/1/154
f 184/1/210 65/1/90 66/1/91 192/1/155
f 66/1/91 129/1/92 192/1/155
f 193/1/211 196/1/212 204/1/213 203/1/214
f 196/1/212 197/1/215 205/1/216 204/1/213
f 197/1/215 198/1/217 206/1/218 205/1/216
f 198/1/217 199/1/219 207/1/220 206/1/218
f 199/1/219 200/1/221 208/1/222 207/1/220
f 200/1/221 201/1/223 209/1/224 208/1/222
f 201/1/223 202/1/225 210/1/226 209/1/224
f 202/1/225 314/1/227 315/1/228 210/1/226
f 203/1/214 204/1/213 212/1/229 211/1/230
f 204/1/213 205/1/216 213/1/231 212/1/229
f 205/1/216 206/1/218 214/1/232 213/1/231
f 206/1/218 207/1/220 215/1/233 214/1/232
f 207/1/220 208/1/222 216/1/234 215/1/233
f 208/1/222 209/1/224 217/1/235 216/1/234
f 209/1/224 210/1/226 218/1/236 217/1/235
f 210/1/226 315/1/228 316/1/237 218/1/236
f 211/1/230 212/1/229 220/1/238 219/1/239
f 212/1/229 213/1/231 221/1/240 220/1/238
f 213/1/231 214/1/232 222/1/241 221/1/240
f 214/1/232 215/1/233 223/1/242 222/1/241
f 215/1/233 216/1/234 224/1/243 223/1/242
f 216/1/234 217/1/235 225/1/244 224/1/243
f 217/1/235 218/1/236 226/1/245 225/1/244
f 218/1/236 316/1/237 317/1/246 226/1/245
f 219/1/239 220/1/238 228/1/247 227/1/248
f 220/1/238 221/1/240 229/1/249 228/1/247
f 221/1/240 222/1/241 230/1/250 229/1/249
f 222/1/241 223/1/242 231/1/251 230/1/250
f 223/1/242 224/1/243 232/1/252 231/1/251
f 224/1/243 225/1/244 233/1/253 232/1/252
f 225/1/244 226/1/245 234/1/254 233/1/253
f 226/1/245 317/1/246 318/1/255 234/1/254
f 227/1/248 228/1/247 236/1/256 235/1/257
f 228/1/247 229/1/249 237/1/258 236/1/256
f 229/1/249 230/1/250 238/1/259 237/1/258
f 230/1/250 231/1/251 239/1/260 238/1/259
f 231/1/251 232/1/252 240/1/261 239/1/260
f 232/1/252 233/1/253 241/1/262 240/1/261
f 233/1/253 234/1/254 242/1/263 241/1/262
f 234/1/254 318/1/255 319/1/264 242/1/263
f 235/1/257 236/1/256 244/1/265 243/1/266
f 236/1/256 237/1/258 245/1/267 244/1/265
f 237/1/258 238/1/259 246/1/268 245/1/267
f 238/1/259 239/1/260 247/1/269 246/1/268
f 239/1/260 240/1/261 248/1/270 247/1/269
f 240/1/261 241/1/262 249/1/271 248/1/270
f 241/1/262 242/1/263 250/1/272 249/1/271
f 242/1/263 319/1/264 320/1/273 250/1/272
f 243/1/266 244/1/265 252/1/274 251/1/275
f 244/1/265 245/1/267 253/1/276 252/1/274
f 245/1/267 246/1/268 254/1/277 253/1/276
f 246/1/268 247/1/269 255/1/278 254/1/277
f 247/1/269 248/1/270 256/1/279 255/1/278
f 248/1/270 249/1/271 257/1/280 256/1/279
f 249/1/271 250/1/272 258/1/281 257/1/280
f 250/1/272 320/1/273 321/1/282 258/1/281
f 194/2/17 259/1/283 267/1/284 266/1/285
f 259/1/283 260/1/286 268/1/287 267/1/284
f 260/1/286 261/1/288 269/1/289 268/1/287
f 261/1/288 262/1/290 270/1/291 269/1/289
f 262/1/290 263/1/292 271/1/293 270/1/291
f 263/1/292 264/1/294 272/1/295 271/1/293
f 264/1/294 265/1/296 273/1/297 272/1/295
f 265/1/296 377/1/298 378/1/299 273/1/297
f 266/1/285 267/1/284 275/1/300 274/1/301
f 267/1/284 268/1/287 276/1/302 275/1/300
f 268/1/287 269/1/289 277/1/303 276/1/302
f 269/1/289 270/1/291 278/1/304 277/1/303
f 270/1/291 271/1/293 279/1/305 278/1/304
f 271/1/293 272/1/295 280/1/306 279/1/305
f 272/1/295 273/1/297 281/1/307 280/1/306
f 273/1/297 378/1/299 379/1/308 281/1/307
f 274/1/301 275/1/300 283/1/309 282/1/310
f 275/1/300 276/1/302 284/1/311 283/1/309
f 276/1/302 277/1/303 285/1/312 284/1/311
f 277/1/303 278/1/304 286/1/313 285/1/312
f 278/1/304 279/1/305 287/1/314 286/1/313
f 279/1/305 280/1/306 288/1/315 287/1/314
f 280/1/306 281/1/307 289/1/316 288/1/315
f 281/1/307 379/1/308 380/1/317 289/1/316
f 282/1/310 283/1/309 291/1/318 290/1/319
f 283/1/309 284/1/311 292/1/320 291/1/318
f 284/1/311 285/1/312 293/1/321 292/1/320
f 285/1/312 286/1/313 294/1/322 293/1/321
f 286/1/313 287/1/314 295/1/323 294/1/322
f 287/1/314 288/1/315 296/1/324 295/1/323
f 288/1/315 289/1/316 297/1/325 296/1/324
f 289/1/316 380/1/317 381/1/326 297/1/325
f 290/1/319 291/1/318 299/1/327 298/1/328
f 291/1/318 292/1/320 300/1/329 299/1/327
f 292/1/320 293/1/321 301/1/330 300/1/329
f 293/1/321 294/1/322 302/1/331 301/1/330
f 294/1/322 295/1/323 303/1/332 302/1/331
f 295/1/323 296/1/324 304/1/333 303/1/332
f 296/1/324 297/1/325 305/1/334 304/1/333
f 297/1/325 381/1/326 382/1/335 305/1/334
f 298/1/328 299/1/327 307/1/336 306/1/337
f 299/1/327 300/1/329 308/1/338 307/1/336
f 300/1/329 301/1/330 309/1/339 308/1/338
f 301/1/330 302/1/331 310/1/340 309/1/339
f 302/1/331 303/1/332 311/1/341 310/1/340
f 303/1/332 304/1/333 312/1/342 311/1/341
f 304/1/333 305/1/334 313/1/343 312/1/342
f 305/1/334 382/1/335 383/1/344 313/1/343
f 306/1/337 307/1/336 315/1/228 314/1/227
f 307/1/336 308/1/338 316/1/237 315/1/228
f 308/1/338 309/1/339 317/1/246 316/1/237
f 309/1/339 310/1/340 318/1/255 317/1/246
f 310/1/340 311/1/341 319/1/264 318/1/255
f 311/1/341 312/1/342 320/1/273 319/1/264
f 312/1/342 313/1/343 321/1/282 320/1/273
f 313/1/343 383/1/344 384/1/345 321/1/282
f 195/1/6 322/1/346 330/1/347 329/1/348
f 322/1/346 323/1/349 331/1/350 330/1/347
f 323/1/349 324/1/351 332/1/352 331/1/350
f 324/1/351 325/1/353 333/1/354 332/1/352
f 325/1/353 326/1/355 334/1/356 333/1/354
f 326/1/355 327/1/357 335/1/358 334/1/356
f 327/1/357 328/1/359 336/1/360 335/1/358
f 328/1/359 251/1/275 252/1/274 336/1/360
f 329/1/348 330/1/347 338/1/361 337/1/362
f 330/1/347 331/1/350 339/1/363 338/1/361
f 331/1/350 332/1/352 340/1/364 339/1/363
f 332/1/352 333/1/354 341/1/365 340/1/364
f 333/1/354 334/1/356 342/1/366 341/1/365
f 334/1/356 335/1/358 343/1/367 342/1/366
f 335/1/358 336/1/360 344/1/368 343/1/367
f 336/1/360 252/1/274 253/1/276 344/1/368
f 337/1/362 338/1/361 346/1/369 345/1/370
f 338/1/361 339/1/363 347/1/371 346/1/369
f 339/1/363 340/1/364 348/1/372 347/1/371
f 340/1/364 341/1/365 349/1/373 348/1/372
f 341/1/365 342/1/366 350/1/374 349/1/373
f 342/1/366 343/1/367 351/1/375 350/1/374
f 343/1/367 344/1/368 352/1/376 351/1/375
f 344/1/368 253/1/276 254/1/277 352/1/376
f 345/1/370 346/1/369 354/1/377 353/1/378
f 346/1/369 347/1/371 355/1/379 354/1/377
f 347/1/371 348/1/372 356/1/380 355/1/379
f 348/1/372 349/1/373 357/1/381 356/1/380
f 349/1/373 350/1/374 358/1/382 357/1/381
f 350/1/374 351/1/375 359/1/383 358/1/382
f 351/1/375 352/1/376 360/1/384 359/1/383
f 352/1/376 254/1/277 255/1/278 360/1/384
f 353/1/378 354/1/377 362/1/385 361/1/386
f 354/1/377 355/1/379 363/1/387 362/1/385
f 355/1/379 356/1/380 364/1/388 363/1/387
f 356/1/380 357/1/381 365/1/389 364/1/388
f 357/1/381 358/1/382 366/1/390 365/1/389
f 358/1/382 359/1/383 367/1/391 366/1/390
f 359/1/383 360/1/384 368/1/392 367/1/391
f 360/1/384 255/1/278 256/1/279 368/1/392
f 361/1/386 362/1/385 370/1/393 369/1/394
f 362/1/385 363/1/387 371/1/395 370/1/393
f 363/1/387 364/1/388 372/1/396 371/1/395
f 364/1/388 365/1/389 373/1/397 372/1/396
f 365/1/389 366/1/390 374/1/398 373/1/397
f 366/1/390 367/1/391 375/1/399 374/1/398
f 367/1/391 368/1/392 376/1/400 375/1/399
f 368/1/392 256/1/279 257/1/280 376/1/400
f 369/1/394 370/1/393 378/1/299 377/1/298
f 370/1/393 371/1/395 379/1/308 378/1/299
f 371/1/395 372/1/396 380/1/317 379/1/308
f 372/1/396 373/1/397 381/1/326 380/1/317
f 373/1/397 374/1/398 382/1/335 381/1/326
f 374/1/398 375/1/399 383/1/344 382/1/335
f 375/1/399 376/1/400 384/1/345 383/1/344
f 376/1/400 257/1/280 258/1/281 384/1/345
f 258/1/281 321/1/282 384/1/345
f 385/1/20 388/1/401 396/1/402 395/1/403
f 388/1/401 389/1/404 397/1/405 396/1/402
f 389/1/404 390/1/406 398/1/407 397/1/405
f 390/1/406 391/1/408 399/1/409 398/1/407
f 391/1/408 392/1/410 400/1/411 399/1/409
f 392/1/410 393/1/412 401/1/413 400/1/411
f 393/1/412 394/1/414 402/1/415 401/1/413
f 394/1/414 506/1/416 507/1/417 402/1/415
f 395/1/403 396/1/402 404/1/418 403/1/419
f 396/1/402 397/1/405 405/1/420 404/1/418
f 397/1/405 398/1/407 406/1/421 405/1/420
f 398/1/407 399/1/409 407/1/422 406/1/421
f 399/1/409 400/1/411 408/1/423 407/1/422
f 400/1/411 401/1/413 409/1/424 408/1/423
f 401/1/413 402/1/415 410/1/425 409/1/424
f 402/1/415 507/1/417 508/1/426 410/1/425
f 403/1/419 404/1/418 412/1/427 411/1/428
f 404/1/418 405/1/420 413/1/429 412/1/427
f 405/1/420 406/1/421 414/1/430 413/1/429
f 406/1/421 407/1/422 415/1/431 414/1/430
f 407/1/422 408/1/423 416/1/432 415/1/431
f 408/1/423 409/1/424 417/1/433 416/1/432
f 409/1/424 410/1/425 418/1/434 417/1/433
f 410/1/425 508/1/426 509/1/435 418/1/434
f 411/1/428 412/1/427 420/1/436 419/1/437
f 412/1/427 413/1/429 421/1/438 420/1/436
f 413/1/429 414/1/430 422/1/439 421/1/438
f 414/1/430 415/1/431 423/1/440 422/1/439
f 415/1/431 416/1/432 424/1/441 423/1/440
f 416/1/432 417/1/433 425/1/442 424/1/441
f 417/1/433 418/1/434 426/1/443 425/1/442
f 418/1/434 509/1/435 510/1/444 426/1/443
f 419/1/437 420/1/436 428/1/445 427/1/446
f 420/1/436 421/1/438 429/1/447 428/1/445
f 421/1/438 422/1/439 430/1/448 429/1/447
f 422/1/439 423/1/440 431/1/449 430/1/448
f 423/1/440 424/1/441 432/1/450 431/1/449
f 424/1/441 425/1/442 433/1/451 432/1/450
f 425/1/442 426/1/443 434/1/452 433/1/451
f 426/1/443 510/1/444 511/1/453 434/1/452
f 427/1/446 428/1/445 436/1/454 435/1/455
f 428/1/445 429/1/447 437/1/456 436/1/454
f 429/1/447 430/1/448 438/1/457 437/1/456
f 430/1/448 431/1/449 439/1/458 438/1/457
f 431/1/449 432/1/450 440/1/459 439/1/458
f 432/1/450 433/1/451 441/1/460 440/1/459
f 433/1/451 434/1/452 442/1/461 441/1/460
f 434/1/452 511/1/453 512/1/462 442/1/461
f 435/1/455 436/1/454 444/1/463 443/1/464
f 436/1/454 437/1/456 445/1/465 444/1/463
f 437/1/456 438/1/457 446/1/466 445/1/465
f 438/1/457 439/1/458 447/1/467 446/1/466
f 439/1/458 440/1/459 448/1/468 447/1/467
f 440/1/459 441/1/460 449/1/469 448/1/468
f 441/1/460 442/1/461 450/1/470 449/1/469
f 442/1/461 512/1/462 513/1/471 450/1/470
f 386/1/9 451/1/472 459/1/473 458/1/474
f 451/1/472 452/1/475 460/1/476 459/1/473
f 452/1/475 453/1/477 461/1/478 460/1/476
f 453/1/477 454/1/479 462/1/480 461/1/478
f 454/1/479 455/1/481 463/1/482 462/1/480
f 455/1/481 456/1/483 464/1/484 463/1/482
f 456/1/483 457/1/485 465/1/486 464/1/484
f 457/1/485 569/1/487 570/1/488 465/1/486
f 458/1/474 459/1/473 467/1/489 466/1/490
f 459/1/473 460/1/476 468/1/491 467/1/489
f 460/1/476 461/1/478 469/1/492 468/1/491
f 461/1/478 462/1/480 470/1/493 469/1/492
f 462/1/480 463/1/482 471/1/494 470/1/493
f 463/1/482 464/1/484 472/1/495 471/1/494
f 464/1/484 465/1/486 473/1/496 472/1/495
f 465/1/486 570/1/488 571/1/497 473/1/496
f 466/1/490 467/1/489 475/1/498 474/1/499
f 467/1/489 468/1/491 476/1/500 475/1/498
f 468/1/491 469/1/492 477/1/501 476/1/500
f 469/1/492 470/1/493 478/1/502 477/1/501
f 470/1/493 471/1/494 479/1/503 478/1/502
f 471/1/494 472/1/495 480/1/504 479/1/503
f 472/1/495 473/1/496 481/1/505 480/1/504
f 473/1/496 571/1/497 572/1/506 481/1/505
f 474/1/499 475/1/498 483/1/507 482/1/508
f 475/1/498 476/1/500 484/1/509 483/1/507
f 476/1/500 477/1/501 485/1/510 484/1/509
f 477/1/501 478/1/502 486/1/511 485/1/510
f 478/1/502 479/1/503 487/1/512 486/1/511
f 479/1/503 480/1/504 488/1/513 487/1/512
f 480/1/504 481/1/505 489/1/514 488/1/513
f 481/1/505 572/1/506 573/1/515 489/1/514
f 482/1/508 483/1/507 491/1/516 490/1/517
f 483/1/507 484/1/509 492/1/518 491/1/516
f 484/1/509 485/1/510 493/1/519 492/1/518
f 485/1/510 486/1/511 494/1/520 493/1/519
f 486/1/511 487/1/512 495/1/521 494/1/520
f 487/1/512 488/1/513 496/1/522 495/1/521
f 488/1/513 489/1/514 497/1/523 496/1/522
f 489/1/514 573/1/515 574/1/524 497/1/523
f 490/1/517 491/1/516 499/1/525 498/1/526
f 491/1/516 492/1/518 500/1/527 499/1/525
f 492/1/518 493/1/519 501/1/528 500/1/527
f 493/1/519 494/1/520 502/1/529 501/1/528
f 494/1/520 495/1/521 503/1/530 502/1/529
f 495/1/521 496/1/522 504/1/531 503/1/530
f 496/1/522 497/1/523 505/1/532 504/1/531
f 497/1/523 574/1/524 575/1/533 505/1/532
f 498/1/526 499/1/525 507/1/417 506/1/416
f 499/1/525 500/1/527 508/1/426 507/1/417
f 500/1/527 501/1/528 509/1/435 508/1/426
f 501/1/528 502/1/529 510/1/444 509/1/435
f 502/1/529 503/1/530 511/1/453 510/1/444
f 503/1/530 504/1/531 512/1/462 511/1/453
f 504/1/531 505/1/532 513/1/471 512/1/462
f 505/1/532 575/1/533 576/1/534 513/1/471
f 387/1/7 514/1/535 522/1/536 521/1/537
f 514/1/535 515/1/538 523/1/539 522/1/536
f 515/1/538 516/1/540 524/1/541 523/1/539
f 516/1/540 517/1/542 525/1/543 524/1/541
f 517/1/542 518/1/544 526/1/545 525/1/543
f 518/1/544 519/1/546 527/1/547 526/1/545
f 519/1/546 520/1/548 528/1/549 527/1/547
f 520/1/548 443/1/464 444/1/463 528/1/549
f 521/1/537 522/1/536 530/1/550 529/1/551
f 522/1/536 523/1/539 531/1/552 530/1/550
f 523/1/539 524/1/541 532/1/553 531/1/552
f 524/1/541 525/1/543 533/1/554 532/1/553
f 525/1/543 526/1/545 534/1/555 533/1/554
f 526/1/545 527/1/547 535/1/556 534/1/555
f 527/1/547 528/1/549 536/1/557 535/1/556
f 528/1/549 444/1/463 445/1/465 536/1/557
f 529/1/551 530/1/550 538/1/558 537/1/559
f 530/1/550 531/1/552 539/1/560 538/1/558
f 531/1/552 532/1/553 540/1/561 539/1/560
f 532/1/553 533/1/554 541/1/562 540/1/561
f 533/1/554 534/1/555 542/1/563 541/1/562
f 534/1/555 535/1/556 543/1/564 542/1/563
f 535/1/556 536/1/557 544/1/565 543/1/564
f 536/1/557 445/1/465 446/1/466 544/1/565
f 537/1/559 538/1/558 546/1/566 545/1/567
f 538/1/558 539/1/560 547/1/568 546/1/566
f 539/1/560 540/1/561 548/1/569 547/1/568
f 540/1/561 541/1/562 549/1/570 548/1/569
f 541/1/562 542/1/563 550/1/571 549/1/570
f 542/1/563 543/1/564 551/1/572 550/1/571
f 543/1/564 544/1/565 552/1/573 551/1/572
f 544/1/565 446/1/466 447/1/467 552/1/573
f 545/1/567 546/1/566 554/1/574 553/1/575
f 546/1/566 547/1/568 555/1/576 554/1/574
f 547/1/568 548/1/569 556/1/577 555/1/576
f 548/1/569 549/1/570 557/1/578 556/1/577
f 549/1/570 550/1/571 558/1/579 557/1/578
f 550/1/571 551/1/572 559/1/580 558/1/579
f 551/1/572 552/1/573 560/1/581 559/1/580
f 552/1/573 447/1/467 448/1/468 560/1/581
f 553/1/575 554/1/574 562/1/582 561/1/583
f 554/1/574 555/1/576 563/1/584 562/1/582
f 555/1/576 556/1/577 564/1/585 563/1/584
f 556/1/577 557/1/578 565/1/586 564/1/585
f 557/1/578 558/1/579 566/1/587 565/1/586
f 558/1/579 559/1/580 567/1/588 566/1/587
f 559/1/580 560/1/581 568/1/589 567/1/588
f 560/1/581 448/1/468 449/1/469 568/1/589
f 561/1/583 562/1/582 570/1/488 569/1/487
f 562/1/582 563/1/584 571/1/497 570/1/488
f 563/1/584 564/1/585 572/1/506 571/1/497
f 564/1/585 565/1/586 573/1/515 572/1/506
f 565/1/586 566/1/587 574/1/524 573/1/515
f 566/1/587 567/1/588 575/1/533 574/1/524
f 567/1/588 568/1/589 576/1/534 575/1/533
f 568/1/589 449/1/469 450/1/470 576/1/534
f 450/1/470 513/1/471 576/1/534
f 577/1/3 580/1/590 588/1/591 587/1/592
f 580/1/590 581/1/593 589/1/594 588/1/591
f 581/1/593 582/1/595 590/1/596 589/1/594
f 582/1/595 583/1/597 591/1/598 590/1/596
f 583/1/597 584/1/599 592/1/600 591/1/598
f 584/1/599 585/1/601 593/1/602 592/1/600
f 585/1/601 586/1/603 594/1/604 593/1/602
f 586/1/603 698/1/605 699/1/606 594/1/604
f 587/1/592 588/1/591 596/1/607 595/1/608
f 588/1/591 589/1/594 597/1/609 596/1/607
f 589/1/594 590/1/596 598/1/610 597/1/609
f 590/1/596 591/1/598 599/1/611 598/1/610
f 591/1/598 592/1/600 600/1/612 599/1/611
f 592/1/600 593/1/602 601/1/613 600/1/612
f 593/1/602 594/1/604 602/1/614 601/1/613
f 594/1/604 699/1/606 700/1/615 602/1/614
f 595/1/608 596/1/607 604/1/616 603/1/617
f 596/1/607 597/1/609 605/1/618 604/1/616
f 597/1/609 598/1/610 606/1/619 605/1/618
f 598/1/610 599/1/611 607/1/620 606/1/619
f 599/1/611 600/1/612 608/1/621 607/1/620
f 600/1/612 601/1/613 609/1/622 608/1/621
f 601/1/613 602/1/614 610/1/623 609/1/622
f 602/1/614 700/1/615 701/1/624 610/1/623
f 603/1/617 604/1/616 612/1/625 611/1/626
f 604/1/616 605/1/618 613/1/627 612/1/625
f 605/1/618 606/1/619 614/1/628 613/1/627
f 606/1/619 607/1/620 615/1/629 614/1/628
f 607/1/620 608/1/621 616/1/630 615/1/629
f 608/1/621 609/1/622 617/1/631 616/1/630
f 609/1/622 610/1/623 618/1/632 617/1/631
f 610/1/623 701/1/624 702/1/633 618/1/632
f 611/1/626 612/1/625 620/1/634 619/1/635
f 612/1/625 613/1/627 621/1/636 620/1/634
f 613/1/627 614/1/628 622/1/637 621/1/636
f 614/1/628 615/1/629 623/1/638 622/1/637
f 615/1/629 616/1/630 624/1/639 623/1/638
f 616/1/630 617/1/631 625/1/640 624/1/639
f 617/1/631 618/1/632 626/1/641 625/1/640
f 618/1/632 702/1/633 703/1/642 626/1/641
f 619/1/635 620/1/634 628/1/643 627/1/644
f 620/1/634 621/1/636 629/1/645 628/1/643
f 621/1/636 622/1/637 630/1/646 629/1/645
f 622/1/637 623/1/638 631/1/647 630/1/646
f 623/1/638 624/1/639 632/1/648 631/1/647
f 624/1/639 625/1/640 633/1/649 632/1/648
f 625/1/640 626/1/641 634/1/650 633/1/649
f 626/1/641 703/1/642 704/1/651 634/1/650
f 627/1/644 628/1/643 636/1/652 635/1/653
f 628/1/643 629/1/645 637/1/654 636/1/652
f 629/1/645 630/1/646 638/1/655 637/1/654
f 630/1/646 631/1/647 639/1/656 638/1/655
f 631/1/647 632/1/648 640/1/657 639/1/656
f 632/1/648 633/1/649 641/1/658 640/1/657
f 633/1/649 634/1/650 642/1/659 641/1/658
f 634/1/650 704/1/651 705/1/660 642/1/659
f 578/1/8 643/1/661 651/1/662 650/1/663
f 643/1/661 644/1/664 652/1/665 651/1/662
f 644/1/664 645/1/666 653/1/667 652/1/665
f 645/1/666 646/1/668 654/1/669 653/1/667
f 646/1/668 647/1/670 655/1/671 654/1/669
f 647/1/670 648/1/672 656/1/673 655/1/671
f 648/1/672 649/1/674 657/1/675 656/1/673
f 649/1/674 761/1/676 762/1/677 657/1/675
f 650/1/663 651/1/662 659/1/678 658/1/679
f 651/1/662 652/1/665 660/1/680 659/1/678
f 652/1/665 653/1/667 661/1/681 660/1/680
f 653/1/667 654/1/669 662/1/682 661/1/681
f 654/1/669 655/1/671 663/1/683 662/1/682
f 655/1/671 656/1/673 664/1/684 663/1/683
f 656/1/673 657/1/675 665/1/685 664/1/684
f 657/1/675 762/1/677 763/1/686 665/1/685
f 658/1/679 659/1/678 667/1/687 666/1/688
f 659/1/678 660/1/680 668/1/689 667/1/687
f 660/1/680 661/1/681 669/1/690 668/1/689
f 661/1/681 662/1/682 670/1/691 669/1/690
f 662/1/682 663/1/683 671/1/692 670/1/691
f 663/1/683 664/1/684 672/1/693 671/1/692
f 664/1/684 665/1/685 673/1/694 672/1/693
f 665/1/685 763/1/686 764/1/695 673/1/694
f 666/1/688 667/1/687 675/1/696 674/1/697
f 667/1/687 668/1/689 676/1/698 675/1/696
f 668/1/689 669/1/690 677/1/699 676/1/698
f 669/1/690 670/1/691 678/1/700 677/1/699
f 670/1/691 671/1/692 679/1/701 678/1/700
f 671/1/692 672/1/693 680/1/702 679/1/701
f 672/1/693 673/1/694 681/1/703 680/1/702
f 673/1/694 764/1/695 765/1/704 681/1/703
f 674/1/697 675/1/696 683/1/705 682/1/706
f 675/1/696 676/1/698 684/1/707 683/1/705
f 676/1/698 677/1/699 685/1/708 684/1/707
f 677/1/699 678/1/700 686/1/709 685/1/708
f 678/1/700 679/1/701 687/1/710 686/1/709
f 679/1/701 680/1/702 688/1/711 687/1/710
f 680/1/702 681/1/703 689/1/712 688/1/711
f 681/1/703 765/1/704 766/1/713 689/1/712
f 682/1/706 683/1/705 691/1/714 690/1/715
f 683/1/705 684/1/707 692/1/716 691/1/714
f 684/1/707 685/1/708 693/1/717 692/1/716
f 685/1/708 686/1/709 694/1/718 693/1/717
f 686/1/709 687/1/710 695/1/719 694/1/718
f 687/1/710 688/1/711 696/1/720 695/1/719
f 688/1/711 689/1/712 697/1/721 696/1/720
f 689/1/712 766/1/713 767/1/722 697/1/721
f 690/1/715 691/1/714 699/1/606 698/1/605
f 691/1/714 692/1/716 700/1/615 699/1/606
f 692/1/716 693/1/717 701/1/624 700/1/615
f 693/1/717 694/1/718 702/1/633 701/1/624
f 694/1/718 695/1/719 703/1/642 702/1/633
f 695/1/719 696/1/720 704/1/651 703/1/642
f 696/1/720 697/1/721 705/1/660 704/1/651
f 697/1/721 767/1/722 768/1/723 705/1/660
f 579/1/12 706/1/724 714/1/725 713/1/726
f 706/1/724 707/1/727 715/1/728 714/1/725
f 707/1/727 708/1/729 716/1/730 715/1/728
f 708/1/729 709/1/731 717/1/732 716/1/730
f 709/1/731 710/1/733 718/1/734 717/1/732
f 710/1/733 711/1/735 719/1/736 718/1/734
f 711/1/735 712/1/737 720/1/738 719/1/736
f 712/1/737 635/1/653 636/1/652 720/1/738
f 713/1/726 714/1/725 722/1/739 721/1/740
f 714/1/725 715/1/728 723/1/741 722/1/739
f 715/1/728 716/1/730 724/1/742 723/1/741
f 716/1/730 717/1/732 725/1/743 724/1/742
f 717/1/732 718/1/734 726/1/744 725/1/743
f 718/1/734 719/1/736 727/1/745 726/1/744
f 719/1/736 720/1/738 728/1/746 727/1/745
f 720/1/738 636/1/652 637/1/654 728/1/746
f 721/1/740 722/1/739 730/1/747 729/1/748
f 722/1/739 723/1/741 731/1/749 730/1/747
f 723/1/741 724/1/742 732/1/750 731/1/749
f 724/1/742 725/1/743 733/1/751 732/1/750
f 725/1/743 726/1/744 734/1/752 733/1/751
f 726/1/744 727/1/745 735/1/753 734/1/752
f 727/1/745 728/1/746 736/1/754 735/1/753
f 728/1/746 637/1/654 638/1/655 736/1/754
f 729/1/748 730/1/747 738/1/755 737/1/756
f 730/1/747 731/1/749 739/1/757 738/1/755
f 731/1/749 732/1/750 740/1/758 739/1/757
f 732/1/750 733/1/751 741/1/759 740/1/758
f 733/1/751 734/1/752 742/1/760 741/1/759
f 734/1/752 735/1/753 743/1/761 742/1/760
f 735/1/753 736/1/754 744/1/762 743/1/761
f 736/1/754 638/1/655 639/1/656 744/1/762
f 737/1/756 738/1/755 746/1/763 745/1/764
f 738/1/755 739/1/757 747/1/765 746/1/763
f 739/1/757 740/1/758 748/1/766 747/1/765
f 740/1/758 741/1/759 749/1/767 748/1/766
f 741/1/759 742/1/760 750/1/768 749/1/767
f 742/1/760 743/1/761 751/1/769 750/1/768
f 743/1/761 744/1/762 752/1/770 751/1/769
f 744/1/762 639/1/656 640/1/657 752/1/770
f 745/1/764 746/1/763 754/1/771 753/1/772
f 746/1/763 747/1/765 755/1/773 754/1/771
f 747/1/765 748/1/766 756/1/774 755/1/773
f 748/1/766 749/1/767 757/1/775 756/1/774
f 749/1/767 750/1/768 758/1/776 757/1/775
f 750/1/768 751/1/769 759/1/777 758/1/776
f 751/1/769 752/1/770 760/1/778 759/1/777
f 752/1/770 640/1/657 641/1/658 760/1/778
f 753/1/772 754/1/771 762/1/677 761/1/676
f 754/1/771 755/1/773 763/1/686 762/1/677
f 755/1/773 756/1/774 764/1/695 763/1/686
f 756/1/774 757/1/775 765/1/704 764/1/695
f 757/1/775 758/1/776 766/1/713 765/1/704
f 758/1/776 759/1/777 767/1/722 766/1/713
f 759/1/777 760/1/778 768/1/723 767/1/722
f 760/1/778 641/1/658 642/1/659 768/1/723
f 642/1/659 705/1/660 768/1/723
f 769/1/1 772/1/779 780/1/780 779/1/781
f 772/1/779 773/1/782 781/1/783 780/1/780
f 773/1/782 774/1/784 782/1/785 781/1/783
f 774/1/784 775/1/786 783/1/787 782/1/785
f 775/1/786 776/1/788 784/1/789 783/1/787
f 776/1/788 777/1/790 785/1/791 784/1/789
f 777/1/790 778/1/792 786/1/793 785/1/791
f 778/1/792 890/1/794 891/1/795 786/1/793
f 779/1/781 780/1/780 788/1/796 787/1/797
f 780/1/780 781/1/783 789/1/798 788/1/796
f 781/1/783 782/1/785 790/1/799 789/1/798
f 782/1/785 783/1/787 791/1/800 790/1/799
f 783/1/787 784/1/789 792/1/801 791/1/800
f 784/1/789 785/1/791 793/1/802 792/1/801
f 785/1/791 786/1/793 794/1/803 793/1/802
f 786/1/793 891/1/795 892/1/804 794/1/803
f 787/1/797 788/1/796 796/1/805 795/1/806
f 788/1/796 789/1/798 797/1/807 796/1/805
f 789/1/798 790/1/799 798/1/808 797/1/807
f 790/1/799 791/1/800 799/1/809 798/1/808
f 791/1/800 792/1/801 800/1/810 799/1/809
f 792/1/801 793/1/802 801/1/811 800/1/810
f 793/1/802 794/1/803 802/1/812 801/1/811
f 794/1/803 892/1/804 893/1/813 802/1/812
f 795/1/806 796/1/805 804/1/814 803/1/815
f 796/1/805 797/1/807 805/1/816 804/1/814
f 797/1/807 798/1/808 806/1/817 805/1/816
f 798/1/808 799/1/809 807/1/818 806/1/817
f 799/1/809 800/1/810 808/1/819 807/1/818
f 800/1/810 801/1/811 809/1/820 808/1/819
f 801/1/811 802/1/812 810/1/821 809/1/820
f 802/1/812 893/1/813 894/1/822 810/1/821
f 803/1/815 804/1/814 812/1/823 811/1/824
f 804/1/814 805/1/816 813/1/825 812/1/823
f 805/1/816 806/1/817 814/1/826 813/1/825
f 806/1/817 807/1/818 815/1/827 814/1/826
f 807/1/818 808/1/819 816/1/828 815/1/827
f 808/1/819 809/1/820 817/1/829 816/1/828
f 809/1/820 810/1/821 818/1/830 817/1/829
f 810/1/821 894/1/822 895/1/831 818/1/830
f 811/1/824 812/1/823 820/1/832 819/1/833
f 812/1/823 813/1/825 821/1/834 820/1/832
f 813/1/825 814/1/826 822/1/835 821/1/834
f 814/1/826 815/1/827 823/1/836 822/1/835
f 815/1/827 816/1/828 824/1/837 823/1/836
f 816/1/828 817/1/829 825/1/838 824/1/837
f 817/1/829 818/1/830 826/1/839 825/1/838
f 818/1/830 895/1/831 896/1/840 826/1/839
f 819/1/833 820/1/832 828/1/841 827/1/842
f 820/1/832 821/1/834 829/1/843 828/1/841
f 821/1/834 822/1/835 830/1/844 829/1/843
f 822/1/835 823/1/836 831/1/845 830/1/844
f 823/1/836 824/1/837 832/1/846 831/1/845
f 824/1/837 825/1/838 833/1/847 832/1/846
f 825/1/838 826/1/839 834/1/848 833/1/847
f 826/1/839 896/1/840 897/1/849 834/1/848
f 770/1/13 835/1/850 843/1/851 842/1/852
f 835/1/850 836/1/853 844/1/854 843/1/851
f 836/1/853 837/1/855 845/1/856 844/1/854
f 837/1/855 838/1/857 846/1/858 845/1/856
f 838/1/857 839/1/859 847/1/860 846/1/858
f 839/1/859 840/1/861 848/1/862 847/1/860
f 840/1/861 841/1/863 849/1/864 848/1/862
f 841/1/863 953/1/865 954/1/866 849/1/864
f 842/1/852 843/1/851 851/1/867 850/1/868
f 843/1/851 844/1/854 852/1/869 851/1/867
f 844/1/854 845/1/856 853/1/870 852/1/869
f 845/1/856 846/1/858 854/1/871 853/1/870
f 846/1/858 847/1/860 855/1/872 854/1/871
f 847/1/860 848/1/862 856/1/873 855/1/872
f 848/1/862 849/1/864 857/1/874 856/1/873
f 849/1/864 954/1/866 955/1/875 857/1/874
f 850/1/868 851/1/867 859/1/876 858/1/877
f 851/1/867 852/1/869 860/1/878 859/1/876
f 852/1/869 853/1/870 861/1/879 860/1/878
f 853/1/870 854/1/871 862/1/880 861/1/879
f 854/1/871 855/1/872 863/1/881 862/1/880
f 855/1/872 856/1/873 864/1/882 863/1/881
f 856/1/873 857/1/874 865/1/883 864/1/882
f 857/1/874 955/1/875 956/1/884 865/1/883
f 858/1/877 859/1/876 867/1/885 866/1/886
f 859/1/876 860/1/878 868/1/887 867/1/885
f 860/1/878 861/1/879 869/1/888 868/1/887
f 861/1/879 862/1/880 870/1/889 869/1/888
f 862/1/880 863/1/881 871/1/890 870/1/889
f 863/1/881 864/1/882 872/1/891 871/1/890
f 864/1/882 865/1/883 873/1/892 872/1/891
f 865/1/883 956/1/884 957/1/893 873/1/892
f 866/1/886 867/1/885 875/1/894 874/1/895
f 867/1/885 868/1/887 876/1/896 875/1/894
f 868/1/887 869/1/888 877/1/897 876/1/896
f 869/1/888 870/1/889 878/1/898 877/1/897
f 870/1/889 871/1/890 879/1/899 878/1/898
f 871/1/890 872/1/891 880/1/900 879/1/899
f 872/1/891 873/1/892 881/1/901 880/1/900
f 873/1/892 957/1/893 958/1/902 881/1/901
f 874/1/895 875/1/894 883/1/903 882/1/904
f 875/1/894 876/1/896 884/1/905 883/1/903
f 876/1/896 877/1/897 885/1/906 884/1/905
f 877/1/897 878/1/898 886/1/907 885/1/906
f 878/1/898 879/1/899 887/1/908 886/1/907
f 879/1/899 880/1/900 888/1/909 887/1/908
f 880/1/900 881/1/901 889/1/910 888/1/909
f 881/1/901 958/1/902 959/1/911 889/1/910
f 882/1/904 883/1/903 891/1/795 890/1/794
f 883/1/903 884/1/905 892/1/804 891/1/795
f 884/1/905 885/1/906 893/1/813 892/1/804
f 885/1/906 886/1/907 894/1/822 893/1/813
f 886/1/907 887/1/908 895/1/831 894/1/822
f 887/1/908 888/1/909 896/1/840 895/1/831
f 888/1/909 889/1/910 897/1/849 896/1/840
f 889/1/910 959/1/911 960/1/912 897/1/849
f 771/1/913 898/1/914 906/1/915 905/1/916
f 898/1/914 899/1/917 907/1/918 906/1/915
f 899/1/917 900/1/919 908/1/920 907/1/918
f 900/1/919 901/1/921 909/1/922 908/1/920
f 901/1/921 902/1/923 910/1/924 909/1/922
f 902/1/923 903/1/925 911/1/926 910/1/924
f 903/1/925 904/1/927 912/1/928 911/1/926
f 904/1/927 827/1/842 828/1/841 912/1/928
f 905/1/916 906/1/915 914/1/929 913/1/930
f 906/1/915 907/1/918 915/1/931 914/1/929
f 907/1/918 908/1/920 916/1/932 915/1/931
f 908/1/920 909/1/922 917/1/933 916/1/932
f 909/1/922 910/1/924 918/1/934 917/1/933
f 910/1/924 911/1/926 919/1/935 918/1/934
f 911/1/926 912/1/928 920/1/936 919/1/935
f 912/1/928 828/1/841 829/1/843 920/1/936
f 913/1/930 914/1/929 922/1/937 921/1/938
f 914/1/929 915/1/931 923/1/939 922/1/937
f 915/1/931 916/1/932 924/1/940 923/1/939
f 916/1/932 917/1/933 925/1/941 924/1/940
f 917/1/933 918/1/934 926/1/942 925/1/941
f 918/1/934 919/1/935 927/1/943 926/1/942
f 919/1/935 920/1/936 928/1/944 927/1/943
f 920/1/936 829/1/843 830/1/844 928/1/944
f 921/1/938 922/1/937 930/1/945 929/1/946
f 922/1/937 923/1/939 931/1/947 930/1/945
f 923/1/939 924/1/940 932/1/948 931/1/947
f 924/1/940 925/1/941 933/1/949 932/1/948
f 925/1/941 926/1/942 934/1/950 933/1/949
f 926/1/942 927/1/943 935/1/951 934/1/950
f 927/1/943 928/1/944 936/1/952 935/1/951
f 928/1/944 830/1/844 831/1/845 936/1/952
f 929/1/946 930/1/945 938/1/953 937/1/954
f 930/1/945 931/1/947 939/1/955 938/1/953
f 931/1/947 932/1/948 940/1/956 939/1/955
f 932/1/948 933/1/949 941/1/957 940/1/956
f 933/1/949 934/1/950 942/1/958 941/1/957
f 934/1/950 935/1/951 943/1/959 942/1/958
f 935/1/951 936/1/952 944/1/960 943/1/959
f 936/1/952 831/1/845 832/1/846 944/1/960
f 937/1/954 938/1/953 946/1/961 945/1/962
f 938/1/953 939/1/955 947/1/963 946/1/961
f 939/1/955 940/1/956 948/1/964 947/1/963
f 940/1/956 941/1/957 949/1/965 948/1/964
f 941/1/957 942/1/958 950/1/966 949/1/965
f 942/1/958 943/1/959 951/1/967 950/1/966
f 943/1/959 944/1/960 952/1/968 951/1/967
f 944/1/960 832/1/846 833/1/847 952/1/968
f 945/1/962 946/1/961 954/1/866 953/1/865
f 946/1/961 947/1/963 955/1/875 954/1/866
f 947/1/963 948/1/964 956/1/884 955/1/875
f 948/1/964 949/1/965 957/1/893 956/1/884
f 949/1/965 950/1/966 958/1/902 957/1/893
f 950/1/966 951/1/967 959/1/911 958/1/902
f 951/1/967 952/1/968 960/1/912 959/1/911
f 952/1/968 833/1/847 834/1/848 960/1/912
f 834/1/848 897/1/849 960/1/912
f 961/1/18 964/1/969 972/1/970 971/1/971
f 964/1/969 965/1/972 973/1/973 972/1/970
f 965/1/972 966/1/974 974/1/975 973/1/973
f 966/1/974 967/1/976 975/1/977 974/1/975
f 967/1/976 968/1/978 976/1/979 975/1/977
f 968/1/978 969/1/980 977/1/981 976/1/979
f 969/1/980 970/1/982 978/1/983 977/1/981
f 970/1/982 1082/1/984 1083/1/985 978/1/983
f 971/1/971 972/1/970 980/1/986 979/1/987
f 972/1/970 973/1/973 981/1/988 980/1/986
f 973/1/973 974/1/975 982/1/989 981/1/988
f 974/1/975 975/1/977 983/1/990 982/1/989
f 975/1/977 976/1/979 984/1/991 983/1/990
f 976/1/979 977/1/981 985/1/992 984/1/991
f 977/1/981 978/1/983 986/1/993 985/1/992
f 978/1/983 1083/1/985 1084/1/994 986/1/993
f 979/1/987 980/1/986 988/1/995 987/1/996
f 980/1/986 981/1/988 989/1/997 988/1/995
f 981/1/988 982/1/989 990/1/998 989/1/997
f 982/1/989 983/1/990 991/1/999 990/1/998
f 983/1/990 984/1/991 992/1/1000 991/1/999
f 984/1/991 985/1/992 993/1/1001 992/1/1000
f 985/1/992 986/1/993 994/1/1002 993/1/1001
f 986/1/993 1084/1/994 1085/1/1003 994/1/1002
f 987/1/996 988/1/995 996/1/1004 995/1/1005
f 988/1/995 989/1/997 997/1/1006 996/1/1004
f 989/1/997 990/1/998 998/1/1007 997/1/1006
f 990/1/998 991/1/999 999/1/1008 998/1/1007
f 991/1/999 992/1/1000 1000/1/1009 999/1/1008
f 992/1/1000 993/1/1001 1001/1/1010 1000/1/1009
f 993/1/1001 994/1/1002 1002/1/1011 1001/1/1010
f 994/1/1002 1085/1/1003 1086/1/1012 1002/1/1011
f 995/1/1005 996/1/1004 1004/1/1013 1003/1/1014
f 996/1/1004 997/1/1006 1005/1/1015 1004/1/1013
f 997/1/1006 998/1/1007 1006/1/1016 1005/1/1015
f 998/1/1007 999/1/1008 1007/1/1017 1006/1/1016
f 999/1/1008 1000/1/1009 1008/1/1018 1007/1/1017
f 1000/1/1009 1001/1/1010 1009/1/1019 1008/1/1018
f 1001/1/1010 1002/1/1011 1010/1/1020 1009/1/1019
f 1002/1/1011 1086/1/1012 1087/1/1021 1010/1/1020
f 1003/1/1014 1004/1/1013 1012/1/1022 1011/1/1023
f 1004/1/1013 1005/1/1015 1013/1/1024 1012/1/1022
f 1005/1/1015 1006/1/1016 1014/1/1025 1013/1/1024
f 1006/1/1016 1007/1/1017 1015/1/1026 1014/1/1025
f 1007/1/1017 1008/1/1018 1016/1/1027 1015/1/1026
f 1008/1/1018 1009/1/1019 1017/1/1028 1016/1/1027
f 1009/1/1019 1010/1/1020 1018/1/1029 1017/1/1028
f 1010/1/1020 1087/1/1021 1088/1/1030 1018/1/1029
f 1011/1/1023 1012/1/1022 1020/1/1031 1019/1/1032
f 1012/1/1022 1013/1/1024 1021/1/1033 1020/1/1031
f 1013/1/1024 1014/1/1025 1022/1/1034 1021/1/1033
f 1014/1/1025 1015/1/1026 1023/1/1035 1022/1/1034
f 1015/1/1026 1016/1/1027 1024/1/1036 1023/1/1035
f 1016/1/1027 1017/1/1028 1025/1/1037 1024/1/1036
f 1017/1/1028 1018/1/1029 1026/1/1038 1025/1/1037
f 1018/1/1029 1088/1/1030 1089/1/1039 1026/1/1038
f 962/1/1040 1027/1/1041 1035/1/1042 1034/1/1043
f 1027/1/1041 1028/1/1044 1036/1/1045 1035/1/1042
f 1028/1/1044 1029/1/1046 1037/1/1047 1036/1/1045
f 1029/1/1046 1030/1/1048 1038/1/1049 1037/1/1047
f 1030/1/1048 1031/1/1050 1039/1/1051 1038/1/1049
f 1031/1/1050 1032/1/1052 1040/1/1053 1039/1/1051
f 1032/1/1052 1033/1/1054 1041/1/1055 1040/1/1053
f 1033/1/1054 1145/1/1056 1146/1/1057 1041/1/1055
f 1034/1/1043 1035/1/1042 1043/1/1058 1042/1/1059
f 1035/1/1042 1036/1/1045 1044/1/1060 1043/1/1058
f 1036/1/1045 1037/1/1047 1045/1/1061 1044/1/1060
f 1037/1/1047 1038/1/1049 1046/1/1062 1045/1/1061
f 1038/1/1049 1039/1/1051 1047/1/1063 1046/1/1062
f 1039/1/1051 1040/1/1053 1048/1/1064 1047/1/1063
f 1040/1/1053 1041/1/1055 1049/1/1065 1048/1/1064
f 1041/1/1055 1146/1/1057 1147/1/1066 1049/1/1065
f 1042/1/1059 1043/1/1058 1051/1/1067 1050/1/1068
f 1043/1/1058 1044/1/1060 1052/1/1069 1051/1/1067
f 1044/1/1060 1045/1/1061 1053/1/1070 1052/1/1069
f 1045/1/1061 1046/1/1062 1054/1/1071 1053/1/1070
f 1046/1/1062 1047/1/1063 1055/1/1072 1054/1/1071
f 1047/1/1063 1048/1/1064 1056/1/1073 1055/1/1072
f 1048/1/1064 1049/1/1065 1057/1/1074 1056/1/1073
f 1049/1/1065 1147/1/1066 1148/1/1075 1057/1/1074
f 1050/1/1068 1051/1/1067 1059/1/1076 1058/1/1077
f 1051/1/1067 1052/1/1069 1060/1/1078 1059/1/1076
f 1052/1/1069 1053/1/1070 1061/1/1079 1060/1/1078
f 1053/1/1070 1054/1/1071 1062/1/1080 1061/1/1079
f 1054/1/1071 1055/1/1072 1063/1/1081 1062/1/1080
f 1055/1/1072 1056/1/1073 1064/1/1082 1063/1/1081
f 1056/1/1073 1057/1/1074 1065/1/1083 1064/1/1082
f 1057/1/1074 1148/1/1075 1149/1/1084 1065/1/1083
f 1058/1/1077 1059/1/1076 1067/1/1085 1066/1/1086
f 1059/1/1076 1060/1/1078 1068/1/1087 1067/1/1085
f 1060/1/1078 1061/1/1079 1069/1/1088 1068/1/1087
f 1061/1/1079 1062/1/1080 1070/1/1089 1069/1/1088
f 1062/1/1080 1063/1/1081 1071/1/1090 1070/1/1089
f 1063/1/1081 1064/1/1082 1072/1/1091 1071/1/1090
f 1064/1/1082 1065/1/1083 1073/1/1092 1072/1/1091
f 1065/1/1083 1149/1/1084 1150/1/1093 1073/1/1092
f 1066/1/1086 1067/1/1085 1075/1/1094 1074/1/1095
f 1067/1/1085 1068/1/1087 1076/1/1096 1075/1/1094
f 1068/1/1087 1069/1/1088 1077/1/1097 1076/1/1096
f 1069/1/1088 1070/1/1089 1078/1/1098 1077/1/1097
f 1070/1/1089 1071/1/1090 1079/1/1099 1078/1/1098
f 1071/1/1090 1072/1/1091 1080/1/1100 1079/1/1099
f 1072/1/1091 1073/1/1092 1081/1/1101 1080/1/1100
f 1073/1/1092 1150/1/1093 1151/1/1102 1081/1/1101
f 1074/1/1095 1075/1/1094 1083/1/985 1082/1/984
f 1075/1/1094 1076/1/1096 1084/1/994 1083/1/985
f 1076/1/1096 1077/1/1097 1085/1/1003 1084/1/994
f 1077/1/1097 1078/1/1098 1086/1/1012 1085/1/1003
f 1078/1/1098 1079/1/1099 1087/1/1021 1086/1/1012
f 1079/1/1099 1080/1/1100 1088/1/1030 1087/1/1021
f 1080/1/1100 1081/1/1101 1089/1/1039 1088/1/1030
f 1081/1/1101 1151/1/1102 1152/1/1103 1089/1/1039
f 963/1/16 1090/1/1104 1098/1/1105 1097/1/1106
f 1090/1/1104 1091/1/1107 1099/1/1108 1098/1/1105
f 1091/1/1107 1092/1/1109 1100/1/1110 1099/1/1108
f 1092/1/1109 1093/1/1111 1101/1/1112 1100/1/1110
f 1093/1/1111 1094/1/1113 1102/1/1114 1101/1/1112
f 1094/1/1113 1095/1/1115 1103/1/1116 1102/1/1114
f 1095/1/1115 1096/1/1117 1104/1/1118 1103/1/1116
f 1096/1/1117 1019/1/1032 1020/1/1031 1104/1/1118
f 1097/1/1106 1098/1/1105 1106/1/1119 1105/1/1120
f 1098/1/1105 1099/1/1108 1107/1/1121 1106/1/1119
f 1099/1/1108 1100/1/1110 1108/1/1122 1107/1/1121
f 1100/1/1110 1101/1/1112 1109/1/1123 1108/1/1122
f 1101/1/1112 1102/1/1114 1110/1/1124 1109/1/1123
f 1102/1/1114 1103/1/1116 1111/1/1125 1110/1/1124
f 1103/1/1116 1104/1/1118 1112/1/1126 1111/1/1125
f 1104/1/1118 1020/1/1031 1021/1/1033 1112/1/1126
f 1105/1/1120 1106/1/1119 1114/1/1127 1113/1/1128
f 1106/1/1119 1107/1/1121 1115/1/1129 1114/1/1127
f 1107/1/1121 1108/1/1122 1116/1/1130 1115/1/1129
f 1108/1/1122 1109/1/1123 1117/1/1131 1116/1/1130
f 1109/1/1123 1110/1/1124 1118/1/1132 1117/1/1131
f 1110/1/1124 1111/1/1125 1119/1/1133 1118/1/1132
f 1111/1/1125 1112/1/1126 1120/1/1134 1119/1/1133
f 1112/1/1126 1021/1/1033 1022/1/1034 1120/1/1134
f 1113/1/1128 1114/1/1127 1122/1/1135 1121/1/1136
f 1114/1/1127 1115/1/1129 1123/1/1137 1122/1/1135
f 1115/1/1129 1116/1/1130 1124/1/1138 1123/1/1137
f 1116/1/1130 1117/1/1131 1125/1/1139 1124/1/1138
f 1117/1/1131 1118/1/1132 1126/1/1140 1125/1/1139
f 1118/1/1132 1119/1/1133 1127/1/1141 1126/1/1140
f 1119/1/1133 1120/1/1134 1128/1/1142 1127/1/1141
f 1120/1/1134 1022/1/1034 1023/1/1035 1128/1/1142
f 1121/1/1136 1122/1/1135 1130/1/1143 1129/1/1144
f 1122/1/1135 1123/1/1137 1131/1/1145 1130/1/1143
f 1123/1/1137 1124/1/1138 1132/1/1146 1131/1/1145
f 1124/1/1138 1125/1/1139 1133/1/1147 1132/1/1146
f 1125/1/1139 1126/1/1140 1134/1/1148 1133/1/1147
f 1126/1/1140 1127/1/1141 1135/1/1149 1134/1/1148
f 1127/1/1141 1128/1/1142 1136/1/1150 1135/1/1149
f 1128/1/1142 1023/1/1035 1024/1/1036 1136/1/1150
f 1129/1/1144 1130/1/1143 1138/1/1151 1137/1/1152
f 1130/1/1143 1131/1/1145 1139/1/1153 1138/1/1151
f 1131/1/1145 1132/1/1146 1140/1/1154 1139/1/1153
f 1132/1/1146 1133/1/1147 1141/1/1155 1140/1/1154
f 1133/1/1147 1134/1/1148 1142/1/1156 1141/1/1155
f 1134/1/1148 1135/1/1149 1143/1/1157 1142/1/1156
f 1135/1/1149 1136/1/1150 1144/1/1158 1143/1/1157
f 1136/1/1150 1024/1/1036 1025/1/1037 1144/1/1158
f 1137/1/1152 1138/1/1151 1146/1/1057 1145/1/1056
f 1138/1/1151 1139/1/1153 1147/1/1066 1146/1/1057
f 1139/1/1153 1140/1/1154 1148/1/1075 1147/1/1066
f 1140/1/1154 1141/1/1155 1149/1/1084 1148/1/1075
f 1141/1/1155 1142/1/1156 1150/1/1093 1149/1/1084
f 1142/1/1156 1143/1/1157 1151/1/1102 1150/1/1093
f 1143/1/1157 1144/1/1158 1152/1/1103 1151/1/1102
f 1144/1/1158 1025/1/1037 1026/1/1038 1152/1/1103
f 1026/1/1038 1089/1/1039 1152/1/1103
f 1153/1/10 1156/1/1159 1164/1/1160 1163/1/1161
f 1156/1/1159 1157/1/1162 1165/1/1163 1164/1/1160
f 1157/1/1162 1158/1/1164 1166/1/1165 1165/1/1163
f 1158/1/1164 1159/1/1166 1167/1/1167 1166/1/1165
f 1159/1/1166 1160/1/1168 1168/1/1169 1167/1/1167
f 1160/1/1168 1161/1/1170 1169/1/1171 1168/1/1169
f 1161/1/1170 1162/1/1172 1170/1/1173 1169/1/1171
f 1162/1/1172 1274/1/1174 1275/1/1175 1170/1/1173
f 1163/1/1161 1164/1/1160 1172/1/1176 1171/1/1177
f 1164/1/1160 1165/1/1163 1173/1/1178 1172/1/1176
f 1165/1/1163 1166/1/1165 1174/1/1179 1173/1/1178
f 1166/1/1165 1167/1/1167 1175/1/1180 1174/1/1179
f 1167/1/1167 1168/1/1169 1176/1/1181 1175/1/1180
f 1168/1/1169 1169/1/1171 1177/1/1182 1176/1/1181
f 1169/1/1171 1170/1/1173 1178/1/1183 1177/1/1182
f 1170/1/1173 1275/1/1175 1276/1/1184 1178/1/1183
f 1171/1/1177 1172/1/1176 1180/1/1185 1179/1/1186
f 1172/1/1176 1173/1/1178 1181/1/1187 1180/1/1185
f 1173/1/1178 1174/1/1179 1182/1/1188 1181/1/1187
f 1174/1/1179 1175/1/1180 1183/1/1189 1182/1/1188
f 1175/1/1180 1176/1/1181 1184/1/1190 1183/1/1189
f 1176/1/1181 1177/1/1182 1185/1/1191 1184/1/1190
f 1177/1/1182 1178/1/1183 1186/1/1192 1185/1/1191
f 1178/1/1183 1276/1/1184 1277/1/1193 1186/1/1192
f 1179/1/1186 1180/1/1185 1188/1/1194 1187/1/1195
f 1180/1/1185 1181/1/1187 1189/1/1196 1188/1/1194
f 1181/1/1187 1182/1/1188 1190/1/1197 1189/1/1196
f 1182/1/1188 1183/1/1189 1191/1/1198 1190/1/1197
f 1183/1/1189 1184/1/1190 1192/1/1199 1191/1/1198
f 1184/1/1190 1185/1/1191 1193/1/1200 1192/1/1199
f 1185/1/1191 1186/1/1192 1194/1/1201 1193/1/1200
f 1186/1/1192 1277/1/1193 1278/1/1202 1194/1/1201
f 1187/1/1195 1188/1/1194 1196/1/1203 1195/1/1204
f 1188/1/1194 1189/1/1196 1197/1/1205 1196/1/1203
f 1189/1/1196 1190/1/1197 1198/1/1206 1197/1/1205
f 1190/1/1197 1191/1/1198 1199/1/1207 1198/1/1206
f 1191/1/1198 1192/1/1199 1200/1/1208 1199/1/1207
f 1192/1/1199 1193/1/1200 1201/1/1209 1200/1/1208
f 1193/1/1200 1194/1/1201 1202/1/1210 1201/1/1209
f 1194/1/1201 1278/1/1202 1279/1/1211 1202/1/1210
f 1195/1/1204 1196/1/1203 1204/1/1212 1203/1/1213
f 1196/1/1203 1197/1/1205 1205/1/1214 1204/1/1212
f 1197/1/1205 1198/1/1206 1206/1/1215 1205/1/1214
f 1198/1/1206 1199/1/1207 1207/1/1216 1206/1/1215
f 1199/1/1207 1200/1/1208 1208/1/1217 1207/1/1216
f 1200/1/1208 1201/1/1209 1209/1/1218 1208/1/1217
f 1201/1/1209 1202/1/1210 1210/1/1219 1209/1/1218
f 1202/1/1210 1279/1/1211 1280/1/1220 1210/1/1219
f 1203/1/1213 1204/1/1212 1212/1/1221 1211/1/1222
f 1204/1/1212 1205/1/1214 1213/1/1223 1212/1/1221
f 1205/1/1214 1206/1/1215 1214/1/1224 1213/1/1223
f 1206/1/1215 1207/1/1216 1215/1/1225 1214/1/1224
f 1207/1/1216 1208/1/1217 1216/1/1226 1215/1/1225
f 1208/1/1217 1209/1/1218 1217/1/1227 1216/1/1226
f 1209/1/1218 1210/1/1219 1218/1/1228 1217/1/1227
f 1210/1/1219 1280/1/1220 1281/1/1229 1218/1/1228
f 1154/1/19 1219/1/1230 1227/1/1231 1226/1/1232
f 1219/1/1230 1220/1/1233 1228/1/1234 1227/1/1231
f 1220/1/1233 1221/1/1235 1229/1/1236 1228/1/1234
f 1221/1/1235 1222/1/1237 1230/1/1238 1229/1/1236
f 1222/1/1237 1223/1/1239 1231/1/1240 1230/1/1238
f 1223/1/1239 1224/1/1241 1232/1/1242 1231/1/1240
f 1224/1/1241 1225/1/1243 1233/1/1244 1232/1/1242
f 1225/1/1243 1337/1/1245 1338/1/1246 1233/1/1244
f 1226/1/1232 1227/1/1231 1235/1/1247 1234/1/1248
f 1227/1/1231 1228/1/1234 1236/1/1249 1235/1/1247
f 1228/1/1234 1229/1/1236 1237/1/1250 1236/1/1249
f 1229/1/1236 1230/1/1238 1238/1/1251 1237/1/1250
f 1230/1/1238 1231/1/1240 1239/1/1252 1238/1/1251
f 1231/1/1240 1232/1/1242 1240/1/1253 1239/1/1252
f 1232/1/1242 1233/1/1244 1241/1/1254 1240/1/1253
f 1233/1/1244 1338/1/1246 1339/1/1255 1241/1/1254
f 1234/1/1248 1235/1/1247 1243/1/1256 1242/1/1257
f 1235/1/1247 1236/1/1249 1244/1/1258 1243/1/1256
f 1236/1/1249 1237/1/1250 1245/1/1259 1244/1/1258
f 1237/1/1250 1238/1/1251 1246/1/1260 1245/1/1259
f 1238/1/1251 1239/1/1252 1247/1/1261 1246/1/1260
f 1239/1/1252 1240/1/1253 1248/1/1262 1247/1/1261
f 1240/1/1253 1241/1/1254 1249/1/1263 1248/1/1262
f 1241/1/1254 1339/1/1255 1340/1/1264 1249/1/1263
f 1242/1/1257 1243/1/1256 1251/1/1265 1250/1/1266
f 1243/1/1256 1244/1/1258 1252/1/1267 1251/1/1265
f 1244/1/1258 1245/1/1259 1253/1/1268 1252/1/1267
f 1245/1/1259 1246/1/1260 1254/1/1269 1253/1/1268
f 1246/1/1260 1247/1/1261 1255/1/1270 1254/1/1269
f 1247/1/1261 1248/1/1262 1256/1/1271 1255/1/1270
f 1248/1/1262 1249/1/1263 1257/1/1272 1256/1/1271
f 1249/1/1263 1340/1/1264 1341/1/1273 1257/1/1272
f 1250/1/1266 1251/1/1265 1259/1/1274 1258/1/1275
f 1251/1/1265 1252/1/1267 1260/1/1276 1259/1/1274
f 1252/1/1267 1253/1/1268 1261/1/1277 1260/1/1276
f 1253/1/1268 1254/1/1269 1262/1/1278 1261/1/1277
f 1254/1/1269 1255/1/1270 1263/1/1279 1262/1/1278
f 1255/1/1270 1256/1/1271 1264/1/1280 1263/1/1279
f 1256/1/1271 1257/1/1272 1265/1/1281 1264/1/1280
f 1257/1/1272 1341/1/1273 1342/1/1282 1265/1/1281
f 1258/1/1275 1259/1/1274 1267/1/1283 1266/1/1284
f 1259/1/1274 1260/1/1276 1268/1/1285 1267/1/1283
f 1260/1/1276 1261/1/1277 1269/1/1286 1268/1/1285
f 1261/1/1277 1262/1/1278 1270/1/1287 1269/1/1286
f 1262/1/1278 1263/1/1279 1271/1/1288 1270/1/1287
f 1263/1/1279 1264/1/1280 1272/1/1289 1271/1/1288
f 1264/1/1280 1265/1/1281 1273/1/1290 1272/1/1289
f 1265/1/1281 1342/1/1282 1343/1/1291 1273/1/1290
f 1266/1/1284 1267/1/1283 1275/1/1175 1274/1/1174
f 1267/1/1283 1268/1/1285 1276/1/1184 1275/1/1175
f 1268/1/1285 1269/1/1286 1277/1/1193 1276/1/1184
f 1269/1/1286 1270/1/1287 1278/1/1202 1277/1/1193
f 1270/1/1287 1271/1/1288 1279/1/1211 1278/1/1202
f 1271/1/1288 1272/1/1289 1280/1/1220 1279/1/1211
f 1272/1/1289 1273/1/1290 1281/1/1229 1280/1/1220
f 1273/1/1290 1343/1/1291 1344/1/1292 1281/1/1229
f 1155/1/15 1282/1/1293 1290/1/1294 1289/1/1295
f 1282/1/1293 1283/1/1296 1291/1/1297 1290/1/1294
f 1283/1/1296 1284/1/1298 1292/1/1299 1291/1/1297
f 1284/1/1298 1285/1/1300 1293/1/1301 1292/1/1299
f 1285/1/1300 1286/1/1302 1294/1/1303 1293/1/1301
f 1286/1/1302 1287/1/1304 1295/1/1305 1294/1/1303
f 1287/1/1304 1288/1/1306 1296/1/1307 1295/1/1305
f 1288/1/1306 1211/1/1222 1212/1/1221 1296/1/1307
f 1289/1/1295 1290/1/1294 1298/1/1308 1297/1/1309
f 1290/1/1294 1291/1/1297 1299/1/1310 1298/1/1308
f 1291/1/1297 1292/1/1299 1300/1/1311 1299/1/1310
f 1292/1/1299 1293/1/1301 1301/1/1312 1300/1/1311
f 1293/1/1301 1294/1/1303 1302/1/1313 1301/1/1312
f 1294/1/1303 1295/1/1305 1303/1/1314 1302/1/1313
f 1295/1/1305 1296/1/1307 1304/1/1315 1303/1/1314
f 1296/1/1307 1212/1/1221 1213/1/1223 1304/1/1315
f 1297/1/1309 1298/1/1308 1306/1/1316 1305/1/1317
f 1298/1/1308 1299/1/1310 1307/1/1318 1306/1/1316
f 1299/1/1310 1300/1/1311 1308/1/1319 1307/1/1318
f 1300/1/1311 1301/1/1312 1309/1/1320 1308/1/1319
f 1301/1/1312 1302/1/1313 1310/1/1321 1309/1/1320
f 1302/1/1313 1303/1/1314 1311/1/1322 1310/1/1321
f 1303/1/1314 1304/1/1315 1312/1/1323 1311/1/1322
f 1304/1/1315 1213/1/1223 1214/1/1224 1312/1/1323
f 1305/1/1317 1306/1/1316 1314/1/1324 1313/1/1325
f 1306/1/1316 1307/1/1318 1315/1/1326 1314/1/1324
f 1307/1/1318 1308/1/1319 1316/1/1327 1315/1/1326
f 1308/1/1319 1309/1/1320 1317/1/1328 1316/1/1327
f 1309/1/1320 1310/1/1321 1318/1/1329 1317/1/1328
f 1310/1/1321 1311/1/1322 1319/1/1330 1318/1/1329
f 1311/1/1322 1312/1/1323 1320/1/1331 1319/1/1330
f 1312/1/1323 1214/1/1224 1215/1/1225 1320/1/1331
f 1313/1/1325 1314/1/1324 1322/1/1332 1321/1/1333
f 1314/1/1324 1315/1/1326 1323/1/1334 1322/1/1332
f 1315/1/1326 1316/1/1327 1324/1/1335 1323/1/1334
f 1316/1/1327 1317/1/1328 1325/1/1336 1324/1/1335
f 1317/1/1328 1318/1/1329 1326/1/1337 1325/1/1336
f 1318/1/1329 1319/1/1330 1327/1/1338 1326/1/1337
f 1319/1/1330 1320/1/1331 1328/1/1339 1327/1/1338
f 1320/1/1331 1215/1/1225 1216/1/1226 1328/1/1339
f 1321/1/1333 1322/1/1332 1330/1/1340 1329/1/1341
f 1322/1/1332 1323/1/1334 1331/1/1342 1330/1/1340
f 1323/1/1334 1324/1/1335 1332/1/1343 1331/1/1342
f 1324/1/1335 1325/1/1336 1333/1/1344 1332/1/1343
f 1325/1/1336 1326/1/1337 1334/1/1345 1333/1/1344
f 1326/1/1337 1327/1/1338 1335/1/1346 1334/1/1345
f 1327/1/1338 1328/1/1339 1336/1/1347 1335/1/1346
f 1328/1/1339 1216/1/1226 1217/1/1227 1336/1/1347
f 1329/1/1341 1330/1/1340 1338/1/1246 1337/1/1245
f 1330/1/1340 1331/1/1342 1339/1/1255 1338/1/1246
f 1331/1/1342 1332/1/1343 1340/1/1264 1339/1/1255
f 1332/1/1343 1333/1/1344 1341/1/1273 1340/1/1264
f 1333/1/1344 1334/1/1345 1342/1/1282 1341/1/1273
f 1334/1/1345 1335/1/1346 1343/1/1291 1342/1/1282
f 1335/1/1346 1336/1/1347 1344/1/1292 1343/1/1291
f 1336/1/1347 1217/1/1227 1218/1/1228 1344/1/1292
f 1218/1/1228 1281/1/1229 1344/1/1292
f 1345/1/11 1348/1/1348 1356/1/1349 1355/1/1350
f 1348/1/1348 1349/1/1351 1357/1/1352 1356/1/1349
f 1349/1/1351 1350/1/1353 1358/1/1354 1357/1/1352
f 1350/1/1353 1351/1/1355 1359/1/1356 1358/1/1354
f 1351/1/1355 1352/1/1357 1360/1/1358 1359/1/1356
f 1352/1/1357 1353/1/1359 1361/1/1360 1360/1/1358
f 1353/1/1359 1354/1/1361 1362/1/1362 1361/1/1360
f 1354/1/1361 1466/1/1363 1467/1/1364 1362/1/1362
f 1355/1/1350 1356/1/1349 1364/1/1365 1363/1/1366
f 1356/1/1349 1357/1/1352 1365/1/1367 1364/1/1365
f 1357/1/1352 1358/1/1354 1366/1/1368 1365/1/1367
f 1358/1/1354 1359/1/1356 1367/1/1369 1366/1/1368
f 1359/1/1356 1360/1/1358 1368/1/1370 1367/1/1369
f 1360/1/1358 1361/1/1360 1369/1/1371 1368/1/1370
f 1361/1/1360 1362/1/1362 1370/1/1372 1369/1/1371
f 1362/1/1362 1467/1/1364 1468/1/1373 1370/1/1372
f 1363/1/1366 1364/1/1365 1372/1/1374 1371/1/1375
f 1364/1/1365 1365/1/1367 1373/1/1376 1372/1/1374
f 1365/1/1367 1366/1/1368 1374/1/1377 1373/1/1376
f 1366/1/1368 1367/1/1369 1375/1/1378 1374/1/1377
f 1367/1/1369 1368/1/1370 1376/1/1379 1375/1/1378
f 1368/1/1370 1369/1/1371 1377/1/1380 1376/1/1379
f 1369/1/1371 1370/1/1372 1378/1/1381 1377/1/1380
f 1370/1/1372 1468/1/1373 1469/1/1382 1378/1/1381
f 1371/1/1375 1372/1/1374 1380/1/1383 1379/1/1384
f 1372/1/1374 1373/1/1376 1381/1/1385 1380/1/1383
f 1373/1/1376 1374/1/1377 1382/1/1386 1381/1/1385
f 1374/1/1377 1375/1/1378 1383/1/1387 1382/1/1386
f 1375/1/1378 1376/1/1379 1384/1/1388 1383/1/1387
f 1376/1/1379 1377/1/1380 1385/1/1389 1384/1/1388
f 1377/1/1380 1378/1/1381 1386/1/1390 1385/1/1389
f 1378/1/1381 1469/1/1382 1470/1/1391 1386/1/1390
f 1379/1/1384 1380/1/1383 1388/1/1392 1387/1/1393
f 1380/1/1383 1381/1/1385 1389/1/1394 1388/1/1392
f 1381/1/1385 1382/1/1386 1390/1/1395 1389/1/1394
f 1382/1/1386 1383/1/1387 1391/1/1396 1390/1/1395
f 1383/1/1387 1384/1/1388 1392/1/1397 1391/1/1396
f 1384/1/1388 1385/1/1389 1393/1/1398 1392/1/1397
f 1385/1/1389 1386/1/1390 1394/1/1399 1393/1/1398
f 1386/1/1390 1470/1/1391 1471/1/1400 1394/1/1399
f 1387/1/1393 1388/1/1392 1396/1/1401 1395/1/1402
f 1388/1/1392 1389/1/1394 1397/1/1403 1396/1/1401
f 1389/1/1394 1390/1/1395 1398/1/1404 1397/1/1403
f 1390/1/1395 1391/1/1396 1399/1/1405 1398/1/1404
f 1391/1/1396 1392/1/1397 1400/1/1406 1399/1/1405
f 1392/1/1397 1393/1/1398 1401/1/1407 1400/1/1406
f 1393/1/1398 1394/1/1399 1402/1/1408 1401/1/1407
f 1394/1/1399 1471/1/1400 1472/1/1409 1402/1/1408
f 1395/1/1402 1396/1/1401 1404/1/1410 1403/1/1411
f 1396/1/1401 1397/1/1403 1405/1/1412 1404/1/1410
f 1397/1/1403 1398/1/1404 1406/1/1413 1405/1/1412
f 1398/1/1404 1399/1/1405 1407/1/1414 1406/1/1413
f 1399/1/1405 1400/1/1406 1408/1/1415 1407/1/1414
f 1400/1/1406 1401/1/1407 1409/1/1416 1408/1/1415
f 1401/1/1407 1402/1/1408 1410/1/1417 1409/1/1416
f 1402/1/1408 1472/1/1409 1473/1/1418 1410/1/1417
f 1346/1/14 1411/1/1419 1419/1/1420 1418/1/1421
f 1411/1/1419 1412/1/1422 1420/1/1423 1419/1/1420
f 1412/1/1422 1413/1/1424 1421/1/1425 1420/1/1423
f 1413/1/1424 1414/1/1426 1422/1/1427 1421/1/1425
f 1414/1/1426 1415/1/1428 1423/1/1429 1422/1/1427
f 1415/1/1428 1416/1/1430 1424/1/1431 1423/1/1429
f 1416/1/1430 1417/1/1432 1425/1/1433 1424/1/1431
f 1417/1/1432 1529/1/1434 1530/1/1435 1425/1/1433
f 1418/1/1421 1419/1/1420 1427/1/1436 1426/1/1437
f 1419/1/1420 1420/1/1423 1428/1/1438 1427/1/1436
f 1420/1/1423 1421/1/1425 1429/1/1439 1428/1/1438
f 1421/1/1425 1422/1/1427 1430/1/1440 1429/1/1439
f 1422/1/1427 1423/1/1429 1431/1/1441 1430/1/1440
f 1423/1/1429 1424/1/1431 1432/1/1442 1431/1/1441
f 1424/1/1431 1425/1/1433 1433/1/1443 1432/1/1442
f 1425/1/1433 1530/1/1435 1531/1/1444 1433/1/1443
f 1426/1/1437 1427/1/1436 1435/1/1445 1434/1/1446
f 1427/1/1436 1428/1/1438 1436/1/1447 1435/1/1445
f 1428/1/1438 1429/1/1439 1437/1/1448 1436/1/1447
f 1429/1/1439 1430/1/1440 1438/1/1449 1437/1/1448
f 1430/1/1440 1431/1/1441 1439/1/1450 1438/1/1449
f 1431/1/1441 1432/1/1442 1440/1/1451 1439/1/1450
f 1432/1/1442 1433/1/1443 1441/1/1452 1440/1/1451
f 1433/1/1443 1531/1/1444 1532/1/1453 1441/1/1452
f 1434/1/1446 1435/1/1445 1443/1/1454 1442/1/1455
f 1435/1/1445 1436/1/1447 1444/1/1456 1443/1/1454
f 1436/1/1447 1437/1/1448 1445/1/1457 1444/1/1456
f 1437/1/1448 1438/1/1449 1446/1/1458 1445/1/1457
f 1438/1/1449 1439/1/1450 1447/1/1459 1446/1/1458
f 1439/1/1450 1440/1/1451 1448/1/1460 1447/1/1459
f 1440/1/1451 1441/1/1452 1449/1/1461 1448/1/1460
f 1441/1/1452 1532/1/1453 1533/1/1462 1449/1/1461
f 1442/1/1455 1443/1/1454 1451/1/1463 1450/1/1464
f 1443/1/1454 1444/1/1456 1452/1/1465 1451/1/1463
f 1444/1/1456 1445/1/1457 1453/1/1466 1452/1/1465
f 1445/1/1457 1446/1/1458 1454/1/1467 1453/1/1466
f 1446/1/1458 1447/1/1459 1455/1/1468 1454/1/1467
f 1447/1/1459 1448/1/1460 1456/1/1469 1455/1/1468
f 1448/1/1460 1449/1/1461 1457/1/1470 1456/1/1469
f 1449/1/1461 1533/1/1462 1534/1/1471 1457/1/1470
f 1450/1/1464 1451/1/1463 1459/1/1472 1458/1/1473
f 1451/1/1463 1452/1/1465 1460/1/1474 1459/1/1472
f 1452/1/1465 1453/1/1466 1461/1/1475 1460/1/1474
f 1453/1/1466 1454/1/1467 1462/1/1476 1461/1/1475
f 1454/1/1467 1455/1/1468 1463/1/1477 1462/1/1476
f 1455/1/1468 1456/1/1469 1464/1/1478 1463/1/1477
f 1456/1/1469 1457/1/1470 1465/1/1479 1464/1/1478
f 1457/1/1470 1534/1/1471 1535/1/1480 1465/1/1479
f 1458/1/1473 1459/1/1472 1467/1/1364 1466/1/1363
f 1459/1/1472 1460/1/1474 1468/1/1373 1467/1/1364
f 1460/1/1474 1461/1/1475 1469/1/1382 1468/1/1373
f 1461/1/1475 1462/1/1476 1470/1/1391 1469/1/1382
f 1462/1/1476 1463/1/1477 1471/1/1400 1470/1/1391
f 1463/1/1477 1464/1/1478 1472/1/1409 1471/1/1400
f 1464/1/1478 1465/1/1479 1473/1/1418 1472/1/1409
f 1465/1/1479 1535/1/1480 1536/1/1481 1473/1/1418
f 1347/1/4 1474/1/1482 1482/1/1483 1481/1/1484
f 1474/1/1482 1475/1/1485 1483/1/1486 1482/1/1483
f 1475/1/1485 1476/1/1487 1484/1/1488 1483/1/1486
f 1476/1/1487 1477/1/1489 1485/1/1490 1484/1/1488
f 1477/1/1489 1478/1/1491 1486/1/1492 1485/1/1490
f 1478/1/1491 1479/1/1493 1487/1/1494 1486/1/1492
f 1479/1/1493 1480/1/1495 1488/1/1496 1487/1/1494
f 1480/1/1495 1403/1/1411 1404/1/1410 1488/1/1496
f 1481/1/1484 1482/1/1483 1490/1/1497 1489/1/1498
f 1482/1/1483 1483/1/1486 1491/1/1499 1490/1/1497
f 1483/1/1486 1484/1/1488 1492/1/1500 1491/1/1499
f 1484/1/1488 1485/1/1490 1493/1/1501 1492/1/1500
f 1485/1/1490 1486/1/1492 1494/1/1502 1493/1/1501
f 1486/1/1492 1487/1/1494 1495/1/1503 1494/1/1502
f 1487/1/1494 1488/1/1496 1496/1/1504 1495/1/1503
f 1488/1/1496 1404/1/1410 1405/1/1412 1496/1/1504
f 1489/1/1498 1490/1/1497 1498/1/1505 1497/1/1506
f 1490/1/1497 1491/1/1499 1499/1/1507 1498/1/1505
f 1491/1/1499 1492/1/1500 1500/1/1508 1499/1/1507
f 1492/1/1500 1493/1/1501 1501/1/1509 1500/1/1508
f 1493/1/1501 1494/1/1502 1502/1/1510 1501/1/1509
f 1494/1/1502 1495/1/1503 1503/1/1511 1502/1/1510
f 1495/1/1503 1496/1/1504 1504/1/1512 1503/1/1511
f 1496/1/1504 1405/1/1412 1406/1/1413 1504/1/1512
f 1497/1/1506 1498/1/1505 1506/1/1513 1505/1/1514
f 1498/1/1505 1499/1/1507 1507/1/1515 1506/1/1513
f 1499/1/1507 1500/1/1508 1508/1/1516 1507/1/1515
f 1500/1/1508 1501/1/1509 1509/1/1517 1508/1/1516
f 1501/1/1509 1502/1/1510 1510/1/1518 1509/1/1517
f 1502/1/1510 1503/1/1511 1511/1/1519 1510/1/1518
f 1503/1/1511 1504/1/1512 1512/1/1520 1511/1/1519
f 1504/1/1512 1406/1/1413 1407/1/1414 1512/1/1520
f 1505/1/1514 1506/1/1513 1514/1/1521 1513/1/1522
f 1506/1/1513 1507/1/1515 1515/1/1523 1514/1/1521
f 1507/1/1515 1508/1/1516 1516/1/1524 1515/1/1523
f 1508/1/1516 1509/1/1517 1517/1/1525 1516/1/1524
f 1509/1/1517 1510/1/1518 1518/1/1526 1517/1/1525
f 1510/1/1518 1511/1/1519 1519/1/1527 1518/1/1526
f 1511/1/1519 1512/1/1520 1520/1/1528 1519/1/1527
f 1512/1/1520 1407/1/1414 1408/1/1415 1520/1/1528
f 1513/1/1522 1514/1/1521 1522/1/1529 1521/1/1530
f 1514/1/1521 1515/1/1523 1523/1/1531 1522/1/1529
f 1515/1/1523 1516/1/1524 1524/1/1532 1523/1/1531
f 1516/1/1524 1517/1/1525 1525/1/1533 1524/1/1532
f 1517/1/1525 1518/1/1526 1526/1/1534 1525/1/1533
f 1518/1/1526 1519/1/1527 1527/1/1535 1526/1/1534
f 1519/1/1527 1520/1/1528 1528/1/1536 1527/1/1535
f 1520/1/1528 1408/1/1415 1409/1/1416 1528/1/1536
f 1521/1/1530 1522/1/1529 1530/1/1435 1529/1/1434
f 1522/1/1529 1523/1/1531 1531/1/1444 1530/1/1435
f 1523/1/1531 1524/1/1532 1532/1/1453 1531/1/1444
f 1524/1/1532 1525/1/1533 1533/1/1462 1532/1/1453
f 1525/1/1533 1526/1/1534 1534/1/1471 1533/1/1462
f 1526/1/1534 1527/1/1535 1535/1/1480 1534/1/1471
f 1527/1/1535 1528/1/1536 1536/1/1481 1535/1/1480
f 1528/1/1536 1409/1/1416 1410/1/1417 1536/1/1481
f 1410/1/1417 1473/1/1418 1536/1/1481
f 1/1/21 193/1/211 203/1/214 4/1/22
f 4/1/22 203/1/214 211/1/230 5/1/25
f 5/1/25 211/1/230 219/1/239 6/1/27
f 6/1/27 219/1/239 227/1/248 7/1/29
f 7/1/29 227/1/248 235/1/257 8/1/31
f 8/1/31 235/1/257 243/1/266 9/1/33
f 9/1/33 243/1/266 251/1/275 10/1/35
f 10/1/35 251/1/275 328/1/359 122/1/37
f 122/1/37 328/1/359 327/1/357 114/1/147
f 114/1/147 327/1/357 326/1/355 106/1/138
f 106/1/138 326/1/355 325/1/353 98/1/129
f 98/1/129 325/1/353 324/1/351 90/1/120
f 90/1/120 324/1/351 323/1/349 82/1/111
f 82/1/111 323/1/349 322/1/346 74/1/95
f 74/1/95 322/1/346 195/1/6 2/1/5
f 2/1/5 578/1/8 650/1/663 67/1/93
f 67/1/93 650/1/663 658/1/679 68/1/96
f 68/1/96 658/1/679 666/1/688 69/1/98
f 69/1/98 666/1/688 674/1/697 70/1/100
f 70/1/100 674/1/697 682/1/706 71/1/102
f 71/1/102 682/1/706 690/1/715 72/1/104
f 72/1/104 690/1/715 698/1/605 73/1/106
f 73/1/106 698/1/605 586/1/603 185/1/108
f 185/1/108 586/1/603 585/1/601 177/1/204
f 177/1/204 585/1/601 584/1/599 169/1/196
f 169/1/196 584/1/599 583/1/597 161/1/188
f 161/1/188 583/1/597 582/1/595 153/1/180
f 153/1/180 582/1/595 581/1/593 145/1/172
f 145/1/172 581/1/593 580/1/590 137/1/158
f 137/1/158 580/1/590 577/1/3 3/1/2
f 3/1/2 769/1/1 779/1/781 130/1/156
f 130/1/156 779/1/781 787/1/797 131/1/159
f 131/1/159 787/1/797 795/1/806 132/1/161
f 132/1/161 795/1/806 803/1/815 133/1/163
f 133/1/163 803/1/815 811/1/824 134/1/165
f 134/1/165 811/1/824 819/1/833 135/1/167
f 135/1/167 819/1/833 827/1/842 136/1/169
f 136/1/169 827/1/842 904/1/927 59/1/85
f 59/1/85 904/1/927 903/1/925 51/1/76
f 51/1/76 903/1/925 902/1/923 43/1/67
f 43/1/67 902/1/923 901/1/921 35/1/58
f 35/1/58 901/1/921 900/1/919 27/1/49
f 27/1/49 900/1/919 899/1/917 19/1/40
f 19/1/40 899/1/917 898/1/914 11/1/24
f 11/1/24 898/1/914 771/1/913 1/1/21
f 194/2/17 385/1/20 395/1/403 259/1/283
f 259/1/283 395/1/403 403/1/419 260/1/286
f 260/1/286 403/1/419 411/1/428 261/1/288
f 261/1/288 411/1/428 419/1/437 262/1/290
f 262/1/290 419/1/437 427/1/446 263/1/292
f 263/1/292 427/1/446 435/1/455 264/1/294
f 264/1/294 435/1/455 443/1/464 265/1/296
f 265/1/296 443/1/464 520/1/548 377/1/298
f 377/1/298 520/1/548 519/1/546 369/1/394
f 369/1/394 519/1/546 518/1/544 361/1/386
f 361/1/386 518/1/544 517/1/542 353/1/378
f 353/1/378 517/1/542 516/1/540 345/1/370
f 345/1/370 516/1/540 515/1/538 337/1/362
f 337/1/362 515/1/538 514/1/535 329/1/348
f 329/1/348 514/1/535 387/1/7 195/1/6
f 193/1/211 962/1/1040 1034/1/1043 196/1/212
f 196/1/212 1034/1/1043 1042/1/1059 197/1/215
f 197/1/215 1042/1/1059 1050/1/1068 198/1/217
f 198/1/217 1050/1/1068 1058/1/1077 199/1/219
f 199/1/219 1058/1/1077 1066/1/1086 200/1/221
f 200/1/221 1066/1/1086 1074/1/1095 201/1/223
f 201/1/223 1074/1/1095 1082/1/984 202/1/225
f 202/1/225 1082/1/984 970/1/982 314/1/227
f 314/1/227 970/1/982 969/1/980 306/1/337
f 306/1/337 969/1/980 968/1/978 298/1/328
f 298/1/328 968/1/978 967/1/976 290/1/319
f 290/1/319 967/1/976 966/1/974 282/1/310
f 282/1/310 966/1/974 965/1/972 274/1/301
f 274/1/301 965/1/972 964/1/969 266/1/285
f 266/1/285 964/1/969 961/1/18 194/2/17
f 386/1/9 579/1/12 713/1/726 451/1/472
f 451/1/472 713/1/726 721/1/740 452/1/475
f 452/1/475 721/1/740 729/1/748 453/1/477
f 453/1/477 729/1/748 737/1/756 454/1/479
f 454/1/479 737/1/756 745/1/764 455/1/481
f 455/1/481 745/1/764 753/1/772 456/1/483
f 456/1/483 753/1/772 761/1/676 457/1/485
f 457/1/485 761/1/676 649/1/674 569/1/487
f 569/1/487 649/1/674 648/1/672 561/1/583
f 561/1/583 648/1/672 647/1/670 553/1/575
f 553/1/575 647/1/670 646/1/668 545/1/567
f 545/1/567 646/1/668 645/1/666 537/1/559
f 537/1/559 645/1/666 644/1/664 529/1/551
f 529/1/551 644/1/664 643/1/661 521/1/537
f 521/1/537 643/1/661 578/1/8 387/1/7
f 385/1/20 1154/1/19 1226/1/1232 388/1/401
f 388/1/401 1226/1/1232 1234/1/1248 389/1/404
f 389/1/404 1234/1/1248 1242/1/1257 390/1/406
f 390/1/406 1242/1/1257 1250/1/1266 391/1/408
f 391/1/408 1250/1/1266 1258/1/1275 392/1/410
f 392/1/410 1258/1/1275 1266/1/1284 393/1/412
f 393/1/412 1266/1/1284 1274/1/1174 394/1/414
f 394/1/414 1274/1/1174 1162/1/1172 506/1/416
f 506/1/416 1162/1/1172 1161/1/1170 498/1/526
f 498/1/526 1161/1/1170 1160/1/1168 490/1/517
f 490/1/517 1160/1/1168 1159/1/1166 482/1/508
f 482/1/508 1159/1/1166 1158/1/1164 474/1/499
f 474/1/499 1158/1/1164 1157/1/1162 466/1/490
f 466/1/490 1157/1/1162 1156/1/1159 458/1/474
f 458/1/474 1156/1/1159 1153/1/10 386/1/9
f 579/1/12 1345/1/11 1355/1/1350 706/1/724
f 706/1/724 1355/1/1350 1363/1/1366 707/1/727
f 707/1/727 1363/1/1366 1371/1/1375 708/1/729
f 708/1/729 1371/1/1375 1379/1/1384 709/1/731
f 709/1/731 1379/1/1384 1387/1/1393 710/1/733
f 710/1/733 1387/1/1393 1395/1/1402 711/1/735
f 711/1/735 1395/1/1402 1403/1/1411 712/1/737
f 712/1/737 1403/1/1411 1480/1/1495 635/1/653
f 635/1/653 1480/1/1495 1479/1/1493 627/1/644
f 627/1/644 1479/1/1493 1478/1/1491 619/1/635
f 619/1/635 1478/1/1491 1477/1/1489 611/1/626
f 611/1/626 1477/1/1489 1476/1/1487 603/1/617
f 603/1/617 1476/1/1487 1475/1/1485 595/1/608
f 595/1/608 1475/1/1485 1474/1/1482 587/1/592
f 587/1/592 1474/1/1482 1347/1/4 577/1/3
f 770/1/13 963/1/16 1097/1/1106 835/1/850
f 835/1/850 1097/1/1106 1105/1/1120 836/1/853
f 836/1/853 1105/1/1120 1113/1/1128 837/1/855
f 837/1/855 1113/1/1128 1121/1/1136 838/1/857
f 838/1/857 1121/1/1136 1129/1/1144 839/1/859
f 839/1/859 1129/1/1144 1137/1/1152 840/1/861
f 840/1/861 1137/1/1152 1145/1/1056 841/1/863
f 841/1/863 1145/1/1056 1033/1/1054 953/1/865
f 953/1/865 1033/1/1054 1032/1/1052 945/1/962
f 945/1/962 1032/1/1052 1031/1/1050 937/1/954
f 937/1/954 1031/1/1050 1030/1/1048 929/1/946
f 929/1/946 1030/1/1048 1029/1/1046 921/1/938
f 921/1/938 1029/1/1046 1028/1/1044 913/1/930
f 913/1/930 1028/1/1044 1027/1/1041 905/1/916
f 905/1/916 1027/1/1041 962/1/1040 771/1/913
f 769/1/1 1347/1/4 1481/1/1484 772/1/779
f 772/1/779 1481/1/1484 1489/1/1498 773/1/782
f 773/1/782 1489/1/1498 1497/1/1506 774/1/784
f 774/1/784 1497/1/1506 1505/1/1514 775/1/786
f 775/1/786 1505/1/1514 1513/1/1522 776/1/788
f 776/1/788 1513/1/1522 1521/1/1530 777/1/790
f 777/1/790 1521/1/1530 1529/1/1434 778/1/792
f 778/1/792 1529/1/1434 1417/1/1432 890/1/794
f 890/1/794 1417/1/1432 1416/1/1430 882/1/904
f 882/1/904 1416/1/1430 1415/1/1428 874/1/895
f 874/1/895 1415/1/1428 1414/1/1426 866/1/886
f 866/1/886 1414/1/1426 1413/1/1424 858/1/877
f 858/1/877 1413/1/1424 1412/1/1422 850/1/868
f 850/1/868 1412/1/1422 1411/1/1419 842/1/852
f 842/1/852 1411/1/1419 1346/1/14 770/1/13
f 963/1/16 1155/1/15 1289/1/1295 1090/1/1104
f 1090/1/1104 1289/1/1295 1297/1/1309 1091/1/1107
f 1091/1/1107 1297/1/1309 1305/1/1317 1092/1/1109
f 1092/1/1109 1305/1/1317 1313/1/1325 1093/1/1111
f 1093/1/1111 1313/1/1325 1321/1/1333 1094/1/1113
f 1094/1/1113 1321/1/1333 1329/1/1341 1095/1/1115
f 1095/1/1115 1329/1/1341 1337/1/1245 1096/1/1117
f 1096/1/1117 1337/1/1245 1225/1/1243 1019/1/1032
f 1019/1/1032 1225/1/1243 1224/1/1241 1011/1/1023
f 1011/1/1023 1224/1/1241 1223/1/1239 1003/1/1014
f 1003/1/1014 1223/1/1239 1222/1/1237 995/1/1005
f 995/1/1005 1222/1/1237 1221/1/1235 987/1/996
f 987/1/996 1221/1/1235 1220/1/1233 979/1/987
f 979/1/987 1220/1/1233 1219/1/1230 971/1/971
f 971/1/971 1219/1/1230 1154/1/19 961/1/18
f 1155/1/15 1346/1/14 1418/1/1421 1282/1/1293
f 1282/1/1293 1418/1/1421 1426/1/1437 1283/1/1296
f 1283/1/1296 1426/1/1437 1434/1/1446 1284/1/1298
f 1284/1/1298 1434/1/1446 1442/1/1455 1285/1/1300
f 1285/1/1300 1442/1/1455 1450/1/1464 1286/1/1302
f 1286/1/1302 1450/1/1464 1458/1/1473 1287/1/1304
f 1287/1/1304 1458/1/1473 1466/1/1363 1288/1/1306
f 1288/1/1306 1466/1/1363 1354/1/1361 1211/1/1222
f 1211/1/1222 1354/1/1361 1353/1/1359 1203/1/1213
f 1203/1/1213 1353/1/1359 1352/1/1357 1195/1/1204
f 1195/1/1204 1352/1/1357 1351/1/1355 1187/1/1195
f 1187/1/1195 1351/1/1355 1350/1/1353 1179/1/1186
f 1179/1/1186 1350/1/1353 1349/1/1351 1171/1/1177
f 1171/1/1177 1349/1/1351 1348/1/1348 1163/1/1161
f 1163/1/1161 1348/1/1348 1345/1/11 1153/1/10
f 1/1/21 771/1/913 962/1/1040 193/1/211
